raw_url	canonical_id_or_url	date_checked	decision	reason
https://www.centris.ca/en/condos-apartments~for-rent~montreal-verdun-ile-des-soeurs/10084418	centris:10084418	2026-07-16	rejected	Exact address geocoded to H4G 1R8 wrong postal prefix
https://www.centris.ca/en/condos-apartments~for-rent~montreal-lasalle/11003404	centris:11003404	2026-07-16	accepted	Duplicate of existing accepted row in docs
https://www.centris.ca/en/condos-apartments~for-rent~montreal-lasalle/11413280	centris:11413280	2026-07-16	rejected	Exact address geocoded to H8N 1T9, outside H4H/H8P
https://www.centris.ca/en/condos-apartments~for-rent~montreal-lasalle/11803407	centris:11803407	2026-07-16	rejected	Exact address geocoded to H8N 1N8 wrong postal prefix
https://www.centris.ca/en/condos-apartments~for-rent~montreal-verdun-ile-des-soeurs/12250986	centris:12250986	2026-07-16	rejected	Detail page confirms 800 sqft under 900 sqft
https://www.centris.ca/en/condos-apartments~for-rent~montreal-lasalle/12341735	centris:12341735	2026-07-16	rejected	Exact address geocoded to H8N 1T8 wrong postal prefix
https://www.centris.ca/en/condos-apartments~for-rent~montreal-lasalle/12809215	centris:12809215	2026-07-16	rejected	Detail page shows 881 sqft, below 900 sqft minimum
https://www.centris.ca/en/condos-apartments~for-rent~montreal-lasalle/12816886	centris:12816886	2026-07-16	rejected	Detail page confirms 760 sqft under 900 sqft
https://www.centris.ca/en/condos-apartments~for-rent~montreal-lasalle/13084867	centris:13084867	2026-07-16	rejected	Detail page shows 850 sqft, below 900 sqft minimum
https://www.centris.ca/en/condos-apartments~for-rent~montreal-verdun-ile-des-soeurs/13699668	centris:13699668	2026-07-16	rejected	Exact address geocoded to H4G 1A6 wrong postal prefix
https://www.centris.ca/en/condos-apartments~for-rent~montreal-lasalle/13764527	centris:13764527	2026-07-16	rejected	Exact address geocoded to H8R 2A5 wrong postal prefix
https://www.centris.ca/en/condos-apartments~for-rent~montreal-lasalle/13884809	centris:13884809	2026-07-16	rejected	Exact address geocoded to H8N 1Y7 wrong postal prefix
https://www.centris.ca/en/condos-apartments~for-rent~montreal-lasalle/13971055	centris:13971055	2026-07-16	accepted	Exact address geocoded to H8P 2Y9 and detail shows 3 bedrooms with no below-grade wording
https://www.centris.ca/en/condos-apartments~for-rent~montreal-verdun-ile-des-soeurs/14305191	centris:14305191	2026-07-16	rejected	Exact address geocoded to H3E 1X2 wrong postal prefix
https://www.centris.ca/en/condos-apartments~for-rent~montreal-verdun-ile-des-soeurs/14485930	centris:14485930	2026-07-16	accepted	Duplicate of existing accepted row in docs
https://www.centris.ca/en/condos-apartments~for-rent~montreal-verdun-ile-des-soeurs/14704474	centris:14704474	2026-07-16	rejected	Card data states 1 bedroom, rejected without detail fetch
https://www.centris.ca/en/condos-apartments~for-rent~montreal-lasalle/16393878	centris:16393878	2026-07-16	rejected	Detail page says 1 bedroom in basement
https://www.centris.ca/en/condos-apartments~for-rent~montreal-verdun-ile-des-soeurs/16444829	centris:16444829	2026-07-16	rejected	Exact address geocoded to H4G 3M3 wrong postal prefix
https://www.centris.ca/en/condos-apartments~for-rent~montreal-lasalle/17977197	centris:17977197	2026-07-16	rejected	Exact address geocoded to H8R 2A5 wrong postal prefix
https://www.centris.ca/en/condos-apartments~for-rent~montreal-lasalle/17997104	centris:17997104	2026-07-16	rejected	Exact address geocoded to H8N 2X2 wrong postal prefix
https://www.centris.ca/en/condos-apartments~for-rent~montreal-verdun-ile-des-soeurs/18362839	centris:18362839	2026-07-16	rejected	Exact address geocoded to H4G 3M3 wrong postal prefix
https://www.centris.ca/en/houses~for-rent~montreal-verdun-ile-des-soeurs/18362839	centris:18362839	2026-07-16	rejected	Exact address geocoded to H4G 3M3 wrong postal prefix
https://www.centris.ca/en/condos-apartments~for-rent~montreal-lasalle/18807707	centris:18807707	2026-07-16	rejected	Exact address geocoded to H8N 1X9, outside H4H/H8P
https://www.centris.ca/en/condos-apartments~for-rent~montreal-lasalle/19091549	centris:19091549	2026-07-16	unresolved	No postal code in listing; Nominatim returned street-level only, not exact address
https://www.centris.ca/en/condos-apartments~for-rent~montreal-lasalle/19366991	centris:19366991	2026-07-16	rejected	Detail page shows 328 sqft, below 900 sqft minimum
https://www.centris.ca/en/condos-apartments~for-rent~montreal-verdun-ile-des-soeurs/19400663	centris:19400663	2026-07-16	accepted	Duplicate of existing accepted row in docs
https://www.centris.ca/en/condos-apartments~for-rent~montreal-verdun-ile-des-soeurs/19450563	centris:19450563	2026-07-16	rejected	Exact address geocoded to H4G 1X5 wrong postal prefix
https://www.centris.ca/en/condos-apartments~for-rent~montreal-verdun-ile-des-soeurs/19624345	centris:19624345	2026-07-16	accepted	Duplicate of existing accepted 5912 Rue de Verdun row
https://www.centris.ca/en/condos-apartments~for-rent~montreal-lasalle/19919054	centris:19919054	2026-07-16	rejected	Detail page confirms 800 sqft under 900 sqft
https://www.centris.ca/en/condos-apartments~for-rent~montreal-verdun-ile-des-soeurs/19929741	centris:19929741	2026-07-16	rejected	Exact address geocoded to H3E 0E9 wrong postal prefix
https://www.centris.ca/en/condos-apartments~for-rent~montreal-verdun-ile-des-soeurs/20028765	centris:20028765	2026-07-16	rejected	Exact address geocoded to H3E 1Z6 wrong postal prefix
https://www.centris.ca/en/condos-apartments~for-rent~montreal-lasalle/20252788	centris:20252788	2026-07-16	rejected	Exact address geocoded to H8N 1T4 wrong postal prefix
https://www.centris.ca/en/condos-apartments~for-rent~montreal-verdun-ile-des-soeurs/21755479	centris:21755479	2026-07-16	rejected	Exact address geocoded to H4G 2A6 wrong postal prefix
https://www.centris.ca/en/condos-apartments~for-rent~montreal-lasalle/22381276	centris:22381276	2026-07-16	accepted	Duplicate of existing accepted row in docs
https://www.centris.ca/en/condos-apartments~for-rent~montreal-verdun-ile-des-soeurs/24244908	centris:24244908	2026-07-16	unresolved	Duplicate of existing unresolved row in docs
https://www.centris.ca/en/condos-apartments~for-rent~montreal-lasalle/24246455	centris:24246455	2026-07-16	accepted	Accepted; exact address geocoded to H8P 1B3, 2 bedrooms, no below-grade wording
https://www.centris.ca/en/condos-apartments~for-rent~montreal-lasalle/24266628	centris:24266628	2026-07-16	rejected	Exact address geocoded to H8R 2A5 wrong postal prefix
https://www.centris.ca/en/condos-apartments~for-rent~montreal-verdun-ile-des-soeurs/24303073	centris:24303073	2026-07-16	rejected	Exact address geocoded to H4G 1J4 wrong postal prefix
https://www.centris.ca/en/condos-apartments~for-rent~montreal-verdun-ile-des-soeurs/24368096	centris:24368096	2026-07-16	rejected	Card data states 1 bedroom, rejected without detail fetch
https://www.centris.ca/en/condos-apartments~for-rent~montreal-lasalle/24822689	centris:24822689	2026-07-16	rejected	Detail page says 1 bedroom in basement
https://www.centris.ca/en/condos-apartments~for-rent~montreal-lasalle/25239053	centris:25239053	2026-07-16	rejected	Exact address geocoded to H8R 2A5, outside H4H/H8P
https://www.centris.ca/en/condos-apartments~for-rent~montreal-verdun-ile-des-soeurs/25998817	centris:25998817	2026-07-16	rejected	Card data states 1 bedroom, rejected without detail fetch
https://www.centris.ca/en/condos-apartments~for-rent~montreal-verdun-ile-des-soeurs/27082387	centris:27082387	2026-07-16	rejected	Exact address geocoded to H4G 2A6 wrong postal prefix
https://www.centris.ca/en/condos-apartments~for-rent~montreal-verdun-ile-des-soeurs/27260869	centris:27260869	2026-07-16	rejected	Exact address geocoded to H4G 1T3 wrong postal prefix
https://www.centris.ca/en/condos-apartments~for-rent~montreal-lasalle/28488566	centris:28488566	2026-07-16	rejected	Exact address geocoded to H8N 0H7 wrong postal prefix
https://www.centris.ca/en/condos-apartments~for-rent~montreal-lasalle/28777717	centris:28777717	2026-07-16	accepted	Duplicate of existing accepted row in docs
https://www.centris.ca/en/condos-apartments~for-rent~montreal-lasalle/9112262	centris:9112262	2026-07-16	rejected	Exact address geocoded to H8N 1X2 wrong postal prefix
https://www.centris.ca/en/condos-apartments~for-rent~montreal-lasalle/9578204	centris:9578204	2026-07-16	rejected	Exact address geocoded to H8N 2J1 wrong postal prefix
https://clicks.zumper.com/f/a/az7LagrD3ip6moZQsTQR-w~~/AAPDZhA~/xX9A3c0lrSYW5zYSYXSruUXmosyhPTECuTssg4qKK6eNhpMo5YH1ENTDFUCvWKS-w_Vm2ZlBPq7LktMjvbSIhteu2Dt0f0lVyICba_bh3iw9xBZ6F7APacSttq5LSKegFRutABHsKD9iMnC7ss8tzI6J8H-1Em_-N8H4aAHSIOZwpDQDiS579aTTD3hfvafTEjHGzfNSQ3wnQw46MfwPEVL6UVLmwkNlsz4C-Df44lRPov9Q2axZ4GLlu3PnEUT7mtP19-atxOcAGOp6Uy5LVZGQLffk2BG1su7K-4VcpWaCmloi6Y90_9ZPG2w3BzBsP1346BD2OG2cQZpvoH11KfZN56fEhoUVxTCbgseUVu7cWXfBq4i7TnBjDepo4ayHDqS9Ks4qMPlBZrvk7VAdeA~~	https://www.zumper.com/address/199-rue-willibrord-montreal-qc-h4g-2t5-can	2026-07-16	rejected	Newsletter tracking link, same 199 Rue Willibrord listing, postal H4G 2T5 wrong prefix
https://duproprio.com/en/1137645	duproprio:1137645	2026-07-16	rejected	Exact address geocoded to H8R 3A6 wrong postal prefix
https://email.search.kijiji.ca/c/eJxEzsGOgyAQxvGnGW8aGHDUA4dNjMk-hRkBC11pG0F9_U22Tfb6_X-HzxmJvddYeSO7XqPUqqcqGKHWZWBSHbXKrSx113JLS7tqtgutXEWDAkl0kmQrCFVD_SBoWHvtpLbYLqBF9rzb0PzEe7zHxnK1mVDKK4P6ApwAp-u6_ivgdNZn9FftfOG45SaUtIGa2H07UKOkHjvSWgyAdJQ0J-_ikUCNPnHcPmN-Hrv1oMbMp3f1-8KnWU4vjrcHqDHd5j8wv8HMm99LtRt-lfriYoPfQQvO4XY8GvtM1WnwNwAA__-Mal6n	kijiji:1682764409	2026-07-16	rejected	Detail page postal code H8N 0H2 is outside H4H/H8P
https://email.search.kijiji.ca/c/eJxEzsGOgyAQxvGnGW8aGBD0wGETY7JPYaYwLXSlbQT19TfZNtnr9_8dvuAkDqyxYSftoFFqNZgmOsKRlEdBFxxtoN7QdUQzYECmq1K-SQ4FGmGlkb0wqDozjMKM10EHqT32F9CiMG0-dj_pnu6p89SsLtb6KqC-AGfA-TzP_wo4H-2R-GwDV0pr6WLNK6iZwncANUmLVhhrewNo9pqXzCHtGdTEmdL6Gctz3zyDmgodHNr3hU_zlF-Ubg9QU74tf2B5g4VW3mqzOXrV9qTqI2-gBZV42x-df-bmcPgbAAD__4pOXqA	kijiji:1727067756	2026-07-16	rejected	Detail page rental location is H4G 1K4 wrong postal prefix
https://email.search.kijiji.ca/c/eJxEzk1ugzAQxfHTDDuQPcYfWXhRCSH1FGiwJ8EpTiJs4PqVmkjdvv9v8aKX6LjHhr20rkeptTHN4oUR1lKc-RrmaFEwztqxuF4C9iI41ySPAo2w0kiNRuhOc2RiaaKOyuFlhl4Upi0s3U-6p3vqAjWrX2p9FVBfgCPgeJ7nfwUcj_ZIfLaRK6W1dEvNK6iR4ncENUirhLZOOg1o9pqnzDHtGdTAmdL6Gctz3wKDGgodHNv3hU8LlF-Ubg9QQ75Nf2B6g4lW3mqzeXrV9qQaFt6gF1SW2_7owjM3h8ffAAAA__84PF9f	kijiji:1730578185	2026-07-16	accepted	Duplicate of existing accepted Kijiji 1730578185 row
https://email.search.kijiji.ca/c/eJxEzsGOgyAQxvGnwZuGGRDwwGETY7JPYaYwrXSlbQT19TfZNtnr9_8dvugBHWts2IN1GkErZ5rFA5irQhdxUEECW3vpL4O50gDWUYC-SR4lGmnBQC8Nqs64QZrh6nQEHbC_CC0L0xaW7ifd0z11gZrVL7W-ilBfAieB03me_1XgdLRH4rONXCmtpVtqXoWaKH5HoUawSvbWgesFmr3mOXNMexZq5Exp_YzluW-BhRoLHRzb94VPC5RflG4PocZ8m__A_AYzrbzVZvP0qu1JNSy8CS2pLLf90YVnbg6PvwEAAP__0pFd7A	kijiji:1730578185	2026-07-16	accepted	Duplicate of existing accepted Kijiji 1730578185 row
https://email.search.kijiji.ca/c/eJxEjsGOqzAMRb_G7ECxTUJZZPEkhPS-ArmJVdIhbQUBfn8000qju7vnLE70SBdtqVKP3aUltNa5avbISFFYjLURxbSqHHqLV-zQuq7vq-TJkDMdOrTkjG2sRhVFF23kC_VXaM2msoa5-Ur3dE9NkGrxcymvDfgf0Ag0nuf5R4HGoz6SnnXUImnZmrnkBXiU-D8CD9hxy-ZnQG4vecoa056BB82Sls-5Pfc1KPCwyaGxfid8WJD8knR7AA_5Nv0K01uYZNG1VKuXV6lPKWHWFVoj23zbH0145urw9B0AAP__LgheTg	kijiji:1734303030	2026-07-16	rejected	Detail page rental location is H8R 2M8 wrong postal prefix
https://email.search.kijiji.ca/c/eJxEzkuOqzAQheHVmBnIVX4AAw-uhJDuKlDFVR2cxgkCA9tvqROpp-f_BocDYCcWKwnQdhbBOe-rObQdWm2svrEG3XF_Q_jyXvoolnvjXJUCavS6BQ8OvXaNExYS8OzYdNjflNW70Bbn5js90iM1kaolzKWsuzL_FI4Kx-u6_qrC8azPJFfNUigtezOXvCgzEv9nZQZojTUOAFChP0qesnA6sjKDZErLZ9xfxxZFmWGnU7h-X_i0SHmldH8qM-T79AumN5hoka1UW6C11BeVOMumrKZ9vh_PJr5ydQb8CQAA__847V5j	kijiji:1734351112	2026-07-16	rejected	Detail page rental location is H8R 2M8 wrong postal prefix
https://email.search.kijiji.ca/c/eJxEzk1ugzAQxfHTDDsQHn_gLLyohJB6CjSxJ7FTnCBs4PqVmkjdvv9v8YITaFlhw04MVqHQ2pgmOimMsnSTrG5Ca2XIG7KWLQt1u-j-2iSHPZp-EEZoNL3uNAcmFiboIC1erqD6wrT52P2kR3qkzlOzuFjrWkB-AU6A03me_xVwOtoj8dkGrpSW0sWaF5AThe8AchSDHPRlkAYBzV7znDmkPYMcOVNaPmN57ZtnkGOhg0P7vvBpnvJK6f4EOeb7_AfmN5hp4a02m6O1tidVH3kD1VOJ9_3Z-VduDoe_AQAA__-w1F7i	kijiji:1737597362	2026-07-16	rejected	Detail page postal prefix H8N is outside H4H/H8P
https://email.search.kijiji.ca/c/eJxEzsGOgyAQxvGnwZtmGEbEA4dNjMk-hRmBVrrSGkF9_U22Tfb6_X-Hz1uJJhBWwcrOEEpSRleLhXmWhj1g7x30cmZjSLakWgdguu5WRYuAGjqpZQsaVaNND7q_GfKSHLazIMiBd7c0P_ERH7FxXK12KWXLQn0JHAWO13X9V4HjWZ8xXLUPheOam6WkVaiR_bcXapAdAXZIhgTqo6QpBR-PJNQQEsf1M-bXsbsg1JD5DL5-X_g0x2njeH8KNaT79AemN5h4DXupdstbqS8ubgm7IOC83I9n416pOi3-BgAA___IS13W	kijiji:1740272484	2026-07-16	rejected	Detail page rental location is H4G 2V6 wrong postal prefix
https://email.search.kijiji.ca/c/eJxEzsGOgyAQxvGnwZsGZhDwwGETY7JPYaYwrXSlbQT19TfZNtnr9_8dvugVONbQsFfWaVAanWkWz-z6EKJGgzSAogiorCUl1XCR1_7SJA8SjLTKqF4awM64QZrh6nRUOkB_EVoWpi0s3U-6p3vqAjWrX2p9FYFfAiYB03me_1XAdLRH4rONXCmtpVtqXgVOFL-jwFFZLcGiclaA2WueM8e0Z4EjZ0rrZyzPfQsscCx0cGzfFz4tUH5Ruj0Ejvk2_4H5DWZaeavN5ulV25NqWHgTWlJZbvujC8_cHB5-AwAA__8laV4z	kijiji:1740273187	2026-07-16	rejected	Detail page rental location is H4G 2V6 wrong postal prefix
https://email.search.kijiji.ca/c/eJxEzsGOgyAUheGnwZ0GLnCFBYtJjMk8hbkCrXSkNYL6-pNMm8z2_N_iBCfARAVNdKI3CoSSBpvFyVuvNSlptbE9t1bJfubGzKTRg511kxxwQN4LFJojyA6N5WhvRgWhPOiZKV4i7X7pftIjPVLnqVndUutWmPxiMDIYr-v6rwzGsz1TvNoQK6W1dEvNK5Mjhe_A5CB6xREQUTDAo-Ypx5COzOQQM6X1M5bXsfvI5FDojKF9X_g0T3mjdH8yOeT79AemN5hojXttdkdbbS-qfok7U5zKcj-enX_l5nTwGwAA__9U0V1t	kijiji:1740626661	2026-07-16	rejected	Detail page rental location is H4E 4A2 wrong postal prefix
https://email.search.kijiji.ca/c/eJxEzrGOqzAQheGnMR3InjHGKVxcCSHdp0CznklwFicRNvD6K20ibXv-rzgcDHix0Egwg7dgLHrXLEEDORRBvhhPfOWeBxMHb503hMzUpAAanB6MM712gJ3zF-0uV2_Z2Aj9l7K6CG1x6b7TPd1TF6lZw1Lrqyj8p2BSMJ3n-VcVTEd7JDlblkppLd1S86pwIv7PCkczWO3Q-R4VuL3mOQunPSscJVNaP2N57lsUhWOhQ7h9X_i0SPlF6fZQOObb_AvmN5hpla02W6BXbU-qcZFNWU1lue2PLj5zcwT4CQAA__-RN16l	kijiji:1740636853	2026-07-16	rejected	Detail page postal code H8N 0H2 is outside H4H/H8P
https://email.search.kijiji.ca/c/eJxEzs2Kq0AQxfGnKXeKVf2hWfTiggj3KaRi1cTO2EmwW339gUlgtuf_WxwJSL1aqjRg11tC57yvlqDXrhOW3pvugqKE3iKjI4PWXp18VTFQS77t0KMj37rGqSgrenFierpcwbZZeZuX5jve4z02M1drWEp5ZTD_gEag8TzPvwo0HvUR9axFC8c1N0tJK5iR5b-AGbCzrTe-dwbI7yVNSSXuCcygieP6GfNz32YFM2Q-VOr3hU-bOb043h5ghnSbfsH0BhOvupVqC_wq9cllXnQD23JebvujmZ-pOgL9BAAA__-lJ17M	kijiji:1740636853	2026-07-16	rejected	Detail page postal code H8N 0H2 is outside H4H/H8P
https://email.search.kijiji.ca/c/eJxEzk1ugzAQxfHTDDuQPf7AWXhRCSH1FGhiT4JTnCBs4PqVmkjdvv9v8aKX6Fhjw172TqM0xtpm9u4WAt3ERffRGBud03wNBo1VWqFRokkeBVrRSysNWmE6w5GJpY0mKoeXK2hRmLYwdz_pkR6pC9Qsfq51LaC-AEfA8TzP_wo4Hu2R-GwjV0pL6eaaF1Ajxe8IapC9Flb1WjhAu9c8ZY5pz6AGzpSWz1he-xYY1FDo4Ni-L3xaoLxSuj9BDfk-_YHpDSZaeKvN5mmt7Uk1zLyBFlTm-_7swis3h8ffAAAA__-IyF6n	kijiji:1740637408	2026-07-16	rejected	Detail page rental location is H8R 1X8 wrong postal prefix
https://email.search.kijiji.ca/c/eJxEzk1ugzAQxfHTDDvQePwBLLyohJB6CjTgSXCKEwQGrl-pidTt-_8WL3hFjRgqxKu6MaSsda6YPY7teNNMBkOLxmKNLUp9s2p0bFXTFtETksNaOWXJoa2sBGFRLtigG2pHMLgLb9Nc_cRHfMRq4mLxc87rDvoLqAfqr-v6r0D9WZ5RrjJI5rjs1ZzTArrn8B1Ad6o26AwZY4HckdOQJMQjge4kcVw-4_46tklAdzufEsr3hU-bOK0c70_QXboPf2B4g4EX2XKxeV5zeXGeZtnAIO_z_XhW0ysVp6ffAAAA__89u15k	kijiji:1740642445	2026-07-16	rejected	Detail page shows 875 sqft, below 900 sqft minimum
https://email.search.kijiji.ca/c/eJxEzsGKrDAQheGnKXdKUiljepHFBRHuU0iZ1LTpMd2iUV9_YLphtuf_Fid6jU4IK_G6c4SajLPV7MWpiQ1ObSvBCgU7hZZaJO7iREbFKnlUaFWnrW6VRdNYd1P29uUoagrYTkBqF97C3HynR3qkJnC1-LmUdQfzD3AAHK7r-quAw1mfSa46SuG07M1c8gJm4Pg_gul1R8oad-s0oD1KHrPEdGQwvWROy2fcX8cWBEy_8ymxfl_4tMB55XR_gunzffwF4xuMvMhWqs3zWuqLS5hlA1K8z_fj2YRXrk6PPwEAAP__iQ1emg	kijiji:1740679077	2026-07-16	rejected	Card-level reject: wrong area named on card
https://www.facebook.com/marketplace/item/1518219079815787/	centris:14485930	2026-07-16	accepted	Duplicate of existing accepted 788 Rue Osborne H4H 1Y9 row (same street address)
https://www.facebook.com/marketplace/item/1008157788915334/	facebook:1008157788915334	2026-07-16	rejected	Description postal H8N 2K9 wrong prefix
https://www.facebook.com/marketplace/item/1010797414882752/	facebook:1010797414882752	2026-07-16	rejected	Detail page rental location is H8N 2G3 wrong postal prefix
https://www.facebook.com/marketplace/item/1016540344619360/	facebook:1016540344619360	2026-07-16	accepted	5914 Rue de Verdun H4H 1K7, postal resolved from address via Nominatim, 2BR, in-unit laundry
https://www.facebook.com/marketplace/item/1019537150425269/	facebook:1019537150425269	2026-07-16	unresolved	No postal code, only street name Rue Stephens given, no house number to geocode
https://www.facebook.com/marketplace/item/1020064411003131/	facebook:1020064411003131	2026-07-16	rejected	700 sqft under 900 sqft
https://www.facebook.com/marketplace/item/1074909101767100/	facebook:1074909101767100	2026-07-16	rejected	Rue Manning H4H 1Z8, description confirms 2 finished basement family rooms as living space, below-grade (consistent with prior rejects of this address)
https://www.facebook.com/marketplace/item/1216504298213701/	facebook:1216504298213701	2026-07-16	rejected	Detail description says demi-sous-sol
https://www.facebook.com/marketplace/item/1366720371983908/	facebook:1366720371983908	2026-07-16	rejected	807 sqft under 900 sqft
https://www.facebook.com/marketplace/item/1475641124250149/	facebook:1475641124250149	2026-07-16	rejected	Description says semi-basement in a 5-plex
https://www.facebook.com/marketplace/item/1193576526190862/	facebook:1538795521105356	2026-07-16	accepted	Duplicate cross-post of item 1538795521105356 (Rue Woodland H4H 1V8), same building as existing accepted 633 Rue Woodland row
https://www.facebook.com/marketplace/item/1538795521105356/	facebook:1538795521105356	2026-07-16	accepted	Rue Woodland H4H 1V8, same postal and street as existing accepted 633 Rue Woodland row, treated as same building/complex not a distinct row
https://www.facebook.com/marketplace/item/1569615721475895/	facebook:1569615721475895	2026-07-16	rejected	Rental Location H8N 3B9 wrong prefix
https://www.facebook.com/marketplace/item/1586532649852101/	facebook:1586532649852101	2026-07-16	rejected	Description says situe au niveau sous-sol (basement level) despite H4H 1C4 postal
https://www.facebook.com/marketplace/item/1606458167575635/	facebook:1606458167575635	2026-07-16	rejected	Description says semi-basement apartment
https://www.facebook.com/marketplace/item/1661873711579853/	facebook:1661873711579853	2026-07-16	rejected	Detail page rental location is H8N 2G3 wrong postal prefix
https://www.facebook.com/marketplace/item/1455063143036211/	facebook:1693968638556243	2026-07-16	accepted	Duplicate of existing accepted 250 Boulevard Bishop-Power H8P 2P9 row (same address and price)
https://www.facebook.com/marketplace/item/1727856297960668/	facebook:1727856297960668	2026-07-16	rejected	Description says semi-basement apartment
https://www.facebook.com/marketplace/item/1731439168008474/	facebook:1731439168008474	2026-07-16	rejected	Postal H8N 1Z6 wrong prefix, also basement apartment
https://www.facebook.com/marketplace/item/1790407615258510/	facebook:1790407615258510	2026-07-16	rejected	Rental Location H4E 2R7 wrong prefix
https://www.facebook.com/marketplace/item/2108217849764926/	facebook:2108217849764926	2026-07-16	unresolved	Detail page checked but no exact address or postal code disclosed
https://www.facebook.com/marketplace/item/2225604391521137/	facebook:2225604391521137	2026-07-16	rejected	Detail page rental location is H8N 2G3 wrong postal prefix
https://www.facebook.com/marketplace/item/27743703075241359/	facebook:27743703075241359	2026-07-16	rejected	Detail description says rez-de-jardin garden-level unit
https://www.facebook.com/marketplace/item/4422607164639658/	facebook:4422607164639658	2026-07-16	rejected	Description says semi-basement apartment despite H8P 2H2 postal
https://www.facebook.com/marketplace/item/900801829748145/	facebook:900801829748145	2026-07-16	rejected	Rental Location H8N 2G1 wrong prefix
https://www.facebook.com/marketplace/item/27251288177824664/	facebook:906781635089342	2026-07-16	accepted	Duplicate of existing accepted 5912 Rue de Verdun H4H 1M4 row
https://www.facebook.com/marketplace/item/909689731468819/	facebook:909689731468819	2026-07-16	rejected	Rental Location H4E 2P3 wrong prefix
https://www.facebook.com/marketplace/item/957214250059700/	facebook:957214250059700	2026-07-16	rejected	800 sqft under 900 sqft
https://www.facebook.com/marketplace/item/999105196074655/	facebook:999105196074655	2026-07-16	rejected	Rental Location H4E 2J6 wrong prefix
https://www.kijiji.ca/v-apartments-condos/ville-de-montreal/4-5-condo-appartement-a-louer-lasalle-mtl-vida/1682764409	kijiji:1682764409	2026-07-16	rejected	Detail page address 1011 blvd Shevchenko LaSalle H8N 0H2 wrong postal prefix
https://www.kijiji.ca/v-apartments-condos/ville-de-montreal/large-sunny-verdun-apartment-grand-appartement-ensoleille/1727067756	kijiji:1727067756	2026-07-16	rejected	Detail page rental location is H4G 1K4 wrong postal prefix
https://www.kijiji.ca/v-apartments-condos/ville-de-montreal/4-5-style-condo-semi-meuble-1550-28-103/1730578185	kijiji:1730578185	2026-07-16	accepted	Duplicate of existing accepted row in docs
https://www.kijiji.ca/v-apartments-condos/ville-de-montreal/promo-4-5-appartement-2cc-a-louer-a-lasalle-communaute-univert/1731786152	kijiji:1731786152	2026-07-16	rejected	Detail page address 9435 rue Jean-Milot LaSalle H8R 0C9 wrong postal prefix
https://www.kijiji.ca/v-apartments-condos/ville-de-montreal/4-1-2-grand-et-luxueux-lasalle-1495-au-bord-de-leau-13/1734303030	kijiji:1734303030	2026-07-16	rejected	Detail page rental location is H8R 2M8 wrong postal prefix
https://www.kijiji.ca/v-apartments-condos/ville-de-montreal/4-1-2-grand-et-luxueux-au-bord-de-leau-lasalle-19/1734351112	kijiji:1734351112	2026-07-16	rejected	Card-level reject: 875 sqft on card
https://www.kijiji.ca/v-apartments-condos/ville-de-montreal/4-1-2-luxueux-au-bord-de-leau-lasalle-19/1734581885	kijiji:1734581885	2026-07-16	rejected	Detail page address 9369 Boulevard LaSalle H8R 2M8 wrong postal prefix
https://www.kijiji.ca/v-apartments-condos/ville-de-montreal/logement-5-et-demi/1736340793	kijiji:1736340793	2026-07-16	accepted	Duplicate of existing accepted row in docs
https://www.kijiji.ca/v-apartments-condos/ville-de-montreal/wow-appartement-lumineux-3-chambres-verdun-renovated-3-bedroom/1736592916	kijiji:1736592916	2026-07-16	rejected	Detail page location Verdun H4G 1V2 wrong postal prefix
https://www.kijiji.ca/v-apartments-condos/ville-de-montreal/5-et-demi-ville-emard-electros-ac-inclus-dispo-mtn/1736748088	kijiji:1736748088	2026-07-16	rejected	Detail page address 2531 rue Jolicoeur Montreal H4E 1Y4 wrong postal prefix
https://www.kijiji.ca/v-apartments-condos/ville-de-montreal/ph-2-3-elevator-2-bedroom-apartment-for-rent/1737453107	kijiji:1737453107	2026-07-16	rejected	Card-level reject: 825 sqft on card
https://www.kijiji.ca/v-apartments-condos/ville-de-montreal/beautiful-5-1-2-located-in-the-heart-of-lasalle/1737541411	kijiji:1737541411	2026-07-16	rejected	Detail page rental location is H8R 2W2 wrong postal prefix
https://www.kijiji.ca/v-apartments-condos/ville-de-montreal/4-5-et-5-5-a-ville-emard-dispo-mtn-deux-unites/1737541639	kijiji:1737541639	2026-07-16	rejected	Card-level reject: 850 sqft on card
https://www.kijiji.ca/v-apartments-condos/ville-de-montreal/5-1-2-for-rent-in-lasalle/1737597362	kijiji:1737597362	2026-07-16	rejected	Detail page rental location is H8N wrong postal prefix
https://www.kijiji.ca/v-apartments-condos/ville-de-montreal/verdun-4-metro-lasalle-de-l-eglise/1737619675	kijiji:1737619675	2026-07-16	rejected	Detail page location Verdun H4G 3C5 wrong postal prefix
https://www.kijiji.ca/v-apartments-condos/ville-de-montreal/4-1-2-duplex-for-rent-ville-emard-mtl-pets-allowed/1738577180	kijiji:1738577180	2026-07-16	rejected	Detail page rental location is H4E 3A1 wrong postal prefix
https://www.kijiji.ca/v-apartments-condos/ville-de-montreal/3-chambres-bedrooms-6-1-2-verdun/1738813520	kijiji:1738813520	2026-07-16	rejected	Detail page rental location is H4G 1P3 wrong postal prefix
https://www.kijiji.ca/v-apartments-condos/ville-de-montreal/4-1-2-a-louer-a-lasalle/1738998107	kijiji:1738998107	2026-07-16	rejected	Card-level reject: 800 sqft on card
https://www.kijiji.ca/v-apartments-condos/ville-de-montreal/2-ch-1-sdb-montreal-1-775-mo/1739018706	kijiji:1739018706	2026-07-16	rejected	Detail page address 368 Rue Willibrord Montreal H4G 2T7 wrong postal prefix
https://www.kijiji.ca/v-apartments-condos/ville-de-montreal/lease-transfer:-spacious-bright-3-bedroom-5-in-ville-emard/1739327373	kijiji:1739327373	2026-07-16	rejected	Detail page rental location is H4E 0A1 wrong postal prefix
https://www.kijiji.ca/v-apartments-condos/ville-de-montreal/lasalle-4-1-2-for-rent-a-louer/1739387853	kijiji:1739387853	2026-07-16	unresolved	Duplicate of existing unresolved row in docs
https://www.kijiji.ca/v-apartments-condos/ville-de-montreal/verdun-4-1-2-2-chambres-6-electros-neufs-parking-metro-5min/1739416704	kijiji:1739416704	2026-07-16	rejected	Detail page shows 800 sqft, below 900 sqft minimum
https://www.kijiji.ca/v-apartments-condos/ville-de-montreal/metro-monk-fully-furnished-ideal-for-students/1739563198	kijiji:1739563198	2026-07-16	rejected	Card-level reject: 800 sqft on card
https://www.kijiji.ca/v-apartments-condos/ville-de-montreal/5-et-demi-dans-verdun-inclus-4-electromenagers-disponible/1739893613	kijiji:1739893613	2026-07-16	rejected	Card-level reject: 875 sqft on card
https://www.kijiji.ca/v-apartments-condos/ville-de-montreal/grand-4-lumineux-a-louer-4e-avenue-verdun-libre-le-1er-aout/1740272484	kijiji:1740272484	2026-07-16	rejected	Detail page shows 800 sqft, below 900 sqft minimum
https://www.kijiji.ca/v-apartments-condos/ville-de-montreal/grand-5-a-louer-4e-avenue-verdun-libre-le-1er-aout-2026/1740273187	kijiji:1740273187	2026-07-16	rejected	Detail page shows 800 sqft, below 900 sqft minimum
https://www.kijiji.ca/v-apartments-condos/ville-de-montreal/4-5-condo-appartement-a-louer-lasalle-montreal-9431/1740349751	kijiji:1740349751	2026-07-16	rejected	Card-level reject: 800 sqft on card
https://www.kijiji.ca/v-apartments-condos/ville-de-montreal/4-1-2-renove-au-sou-sol-4-1-2-apartment-renovated-for-rent/1740367240	kijiji:1740367240	2026-07-16	rejected	Card-level reject: below-grade wording on card
https://www.kijiji.ca/v-apartments-condos/ville-de-montreal/5-1-2-a-lasalle-2-chambres-bureau-dispo-maintenant/1740367281	kijiji:1740367281	2026-07-16	accepted	Duplicate of existing accepted row in docs
https://www.kijiji.ca/v-apartments-condos/ville-de-montreal/upper-duplex-5-1-2/1740370814	kijiji:1740370814	2026-07-16	rejected	Detail page rental location is H8R 2K9 wrong postal prefix
https://www.kijiji.ca/v-apartments-condos/ville-de-montreal/4-1-2-apartments-for-rent-in-lasalle/1740380503	kijiji:1740380503	2026-07-16	rejected	Card-level reject: 750 sqft on card
https://www.kijiji.ca/v-apartments-condos/ville-de-montreal/a-louer-magnifique-5-pres-des-metros-a-ville-emard/1740385864	kijiji:1740385864	2026-07-16	rejected	Detail page location Montreal H4E 3B7 wrong postal prefix
https://www.kijiji.ca/v-apartments-condos/ville-de-montreal/4-apartment-in-verdun-july-30/1740393282	kijiji:1740393282	2026-07-16	rejected	Card-level reject: 700 sqft on card
https://www.kijiji.ca/v-apartments-condos/ville-de-montreal/4-1-2-a-louer-a-montreal-sur-la-rue-jacques-hertel/1740393649	kijiji:1740393649	2026-07-16	rejected	Card address 2747 Rue Jacques-Hertel H4E 1S6 wrong postal prefix, also under 900 sqft
https://www.kijiji.ca/v-apartments-condos/ville-de-montreal/5-1-2-for-rent-in-lasalle-near-jean-coutu/1740412923	kijiji:1740412923	2026-07-16	rejected	Detail page rental location is H8R wrong postal prefix
https://www.kijiji.ca/v-apartments-condos/ville-de-montreal/grand-4-1-2-a-louer-a-lasalle/1740412943	kijiji:1740412943	2026-07-16	accepted	Duplicate of existing accepted row in docs
https://www.kijiji.ca/v-apartments-condos/ville-de-montreal/small-41-2-for-rent/1740413396	kijiji:1740413396	2026-07-16	rejected	Card-level reject: 450 sqft on card
https://www.kijiji.ca/v-apartments-condos/ville-de-montreal/newly-renovated-4-1-2-beside-lasalle-metro-verdun/1740414476	kijiji:1740414476	2026-07-16	rejected	Detail page shows 825 sqft, below 900 sqft minimum
https://www.kijiji.ca/v-apartments-condos/ville-de-montreal/5-1-2-au-2e-etage-a-verdun/1740451609	kijiji:1740451609	2026-07-16	rejected	Detail page rental location is H4G 2N9 wrong postal prefix
https://www.kijiji.ca/v-apartments-condos/ville-de-montreal/beautiful-2-bedroom-apartment-for-rent-lasalle-included/1740451977	kijiji:1740451977	2026-07-16	rejected	Detail page rental location is H8R 1Y6 wrong postal prefix
https://www.kijiji.ca/v-apartments-condos/ville-de-montreal/51-2-renove-avec-thermopompte-et-stationnement-verdun/1740477905	kijiji:1740477905	2026-07-16	rejected	Detail page shows 850 sqft, below 900 sqft minimum
https://www.kijiji.ca/v-apartments-condos/ville-de-montreal/newly-renovated-2-beds-apt-for-rent-in-lasalle-available-now/1740482422	kijiji:1740482422	2026-07-16	rejected	Card-level reject: 740 sqft on card
https://www.kijiji.ca/v-apartments-condos/ville-de-montreal/3-beds-1-bath-apartment-lease-transfer/1740486409	kijiji:1740486409	2026-07-16	rejected	Detail page rental location is H4E 2Y8 wrong postal prefix
https://www.kijiji.ca/v-apartments-condos/ville-de-montreal/4-sud-ouest-metro-angrignon-et-monk-pres-verdun/1740538355	kijiji:1740538355	2026-07-16	rejected	Detail page shows 899 sqft, below 900 sqft minimum
https://www.kijiji.ca/v-apartments-condos/ville-de-montreal/5-1-2-renove-3-chambres-metro-angrignon-electros-inc-1950/1740573154	kijiji:1740573154	2026-07-16	rejected	Detail page rental location is H4E wrong postal prefix
https://www.kijiji.ca/v-apartments-condos/ville-de-montreal/300-move-in-bonus-modern-2br-apartment-1-650-aug-1-ne/1740579193	kijiji:1740579193	2026-07-16	rejected	Card-level reject: 760 sqft on card
https://www.kijiji.ca/v-apartments-condos/ville-de-montreal/renover-appartement-lumineux-3-chambres-verdun/1740600830	kijiji:1740600830	2026-07-16	rejected	Detail page rental location is H4G 1V2 wrong postal prefix
https://www.kijiji.ca/v-apartments-condos/ville-de-montreal/41-2-a-louer-a-lachine/1740607684	kijiji:1740607684	2026-07-16	rejected	Detail page address 106 Rue Richmond Lachine H8R 1G9 wrong postal prefix
https://www.kijiji.ca/v-apartments-condos/ville-de-montreal/renovated-2-bedroom-with-all-appliances/1740624590	kijiji:1740624590	2026-07-16	rejected	Card-level reject: 800 sqft on card
https://www.kijiji.ca/v-apartments-condos/ville-de-montreal/clean-bright-4-apartment-for-rent-le-sud-ouest-1-295-month/1740626661	kijiji:1740626661	2026-07-16	rejected	Card-level reject: 750 sqft on card
https://www.kijiji.ca/v-apartments-condos/ville-de-montreal/vida-condos-locatifs-modernes-4-1-2-a-lasalle/1740636853	kijiji:1740636853	2026-07-16	rejected	Detail page address 1011 blvd Shevchenko LaSalle H8N 0H2 wrong postal prefix
https://www.kijiji.ca/v-apartments-condos/ville-de-montreal/newly-renovated-2-bedrooms-apartment-for-rent-in-lasalle-august/1740637408	kijiji:1740637408	2026-07-16	rejected	Card-level reject: 786 sqft on card
https://www.kijiji.ca/v-apartments-condos/ville-de-montreal/modern-4-fully-renovated-move-in-ready/1740642445	kijiji:1740642445	2026-07-16	rejected	Card-level reject: 875 sqft on card
https://www.kijiji.ca/v-apartments-condos/ville-de-montreal/lasalle:-large-renovated-5-1-2-in-a-5-plex-for-july-aug-sept/1740653349	kijiji:1740653349	2026-07-16	rejected	Detail page describes unit as semi-basement
https://www.kijiji.ca/v-apartments-condos/ville-de-montreal/cession-de-bail-grand-4-a-verdun-1-830-mois/1740655583	kijiji:1740655583	2026-07-16	rejected	Detail page rental location is H4G 2Y2 wrong postal prefix
https://www.kijiji.ca/v-apartments-condos/ville-de-montreal/verdun-superbe-4-1er-etage-cour-stationnement-pres-metro/1740661096	kijiji:1740661096	2026-07-16	rejected	Detail page shows 850 sqft, below 900 sqft minimum
https://www.kijiji.ca/v-apartments-condos/ville-de-montreal/ville-lasalle-4-5-enhaut-tranquille-aug-ou-sept/1740663088	kijiji:1740663088	2026-07-16	rejected	Detail page rental location is H8N 1K4 wrong postal prefix
https://www.kijiji.ca/v-apartments-condos/ville-de-montreal/4-1-2-libre-pour-le-1er-sep-lasalle-pres-du-fleuve-et-pont-me/1740663492	kijiji:1740663492	2026-07-16	rejected	Detail page rental location is H8R 3G1 wrong postal prefix
https://www.kijiji.ca/v-apartments-condos/ville-de-montreal/verdun-great-location-very-nice-5/1740664094	kijiji:1740664094	2026-07-16	rejected	Detail page shows 800 sqft, below 900 sqft minimum
https://www.kijiji.ca/v-apartments-condos/ville-de-montreal/verdun-proche-de-tout-2cac-h4g2w2/1740665133	kijiji:1740665133	2026-07-16	rejected	Detail page shows 850 sqft, below 900 sqft minimum
https://www.kijiji.ca/v-apartments-condos/ville-de-montreal/2-beds-1-bath-apartment-h4e-monk-metro/1740665794	kijiji:1740665794	2026-07-16	rejected	Detail page rental location is H4E 2M7 wrong postal prefix
https://www.kijiji.ca/v-apartments-condos/ville-de-montreal/5-et-demi-a-louer/1740666395	kijiji:1740666395	2026-07-16	rejected	Detail page shows 700 sqft, below 900 sqft minimum
https://www.kijiji.ca/v-apartments-condos/ville-de-montreal/a-louer-3-cac-1-sdb-metro-monk/1740667413	kijiji:1740667413	2026-07-16	rejected	Detail page rental location is H4E 2W2 wrong postal prefix
https://www.kijiji.ca/v-apartments-condos/ville-de-montreal/2-bedroom-condo-st-henri/1740669920	kijiji:1740669920	2026-07-16	rejected	Card-level reject: 800 sqft on card
https://www.kijiji.ca/v-apartments-condos/ville-de-montreal/ville-lasalle-4-5-enhaut-tranquille-aug-ou-sept/1740674937	kijiji:1740674937	2026-07-16	rejected	Detail page location Lasalle H8N 1K4 wrong postal prefix
https://www.kijiji.ca/v-apartments-condos/ville-de-montreal/longueuil-4-1350-month-balcony-2950-mazenod-stree/1740679077	kijiji:1740679077	2026-07-16	rejected	Card states 850 sqft under 900 sqft
https://www.logisquebec.com/appartement-a-louer-lasalle-l345905	logisquebec:/appartement-a-louer-lasalle-l345905	2026-07-16	unresolved	Duplicate of existing unresolved row in docs
https://www.logisquebec.com/appartement-a-louer-lasalle-l241733	logisquebec:l241733	2026-07-16	rejected	Exact address geocoded to H8N 3A2 wrong postal prefix, same building as prior reject l353801
https://www.logisquebec.com/appartement-a-louer-verdun-l276497	logisquebec:l276497	2026-07-16	rejected	Duplicate address of l351620, H3E 1B5 wrong prefix
https://www.logisquebec.com/appartement-a-louer-verdun-l287926	logisquebec:l287926	2026-07-16	rejected	Exact address geocoded to H3E 1C9 wrong postal prefix
https://www.logisquebec.com/appartement-a-louer-verdun-l288275	logisquebec:l288275	2026-07-16	rejected	Duplicate address of l337422, H3E 1G1 wrong prefix
https://www.logisquebec.com/appartement-a-louer-verdun-l314683	logisquebec:l314683	2026-07-16	rejected	La Verdunoise building matches existing confirmed H4G 1B5 wrong prefix
https://www.logisquebec.com/appartement-a-louer-lasalle-l315577	logisquebec:l315577	2026-07-16	accepted	Exact address geocoded to H8P 2N9, 2 bedrooms, no basement wording
https://www.logisquebec.com/appartement-a-louer-verdun-l331048	logisquebec:l331048	2026-07-16	rejected	645 Avenue Gordon matches existing confirmed H4G 2R7 wrong prefix
https://www.logisquebec.com/appartement-a-louer-lasalle-l332551	logisquebec:l332551	2026-07-16	accepted	Card and detail confirm H8P 3K2, 2 bedrooms, 980 sqft, no basement wording
https://www.logisquebec.com/appartement-a-louer-verdun-l334757	logisquebec:l334757	2026-07-16	rejected	Duplicate address of l344264, H3E 1C9 wrong prefix
https://www.logisquebec.com/appartement-a-louer-lasalle-l335031	logisquebec:l335031	2026-07-16	rejected	Exact address geocoded to H8S 4L9 wrong postal prefix
https://www.logisquebec.com/appartement-a-louer-lasalle-l335046	logisquebec:l335046	2026-07-16	rejected	Card states postal H8N 1P4 wrong prefix
https://www.logisquebec.com/appartement-a-louer-verdun-l335203	logisquebec:l335203	2026-07-16	rejected	443 4e Avenue matches existing confirmed H4G 2Y3 wrong prefix
https://www.logisquebec.com/appartement-a-louer-verdun-l335399	logisquebec:l335399	2026-07-16	rejected	Exact address geocoded to H3E 1H2 wrong postal prefix
https://www.logisquebec.com/appartement-a-louer-verdun-l336332	logisquebec:l336332	2026-07-16	accepted	623 Rue Woodland, treated as same building complex as existing accepted 689 Rue Woodland H4H 1V7 row, not a distinct row
https://www.logisquebec.com/appartement-a-louer-verdun-l337422	logisquebec:l337422	2026-07-16	rejected	520 rue de Gaspe matches existing confirmed H3E 1G1 wrong prefix
https://www.logisquebec.com/appartement-a-louer-lasalle-l340735	logisquebec:l340735	2026-07-16	rejected	Exact address geocoded to H8N 1T4 wrong postal prefix
https://www.logisquebec.com/appartement-a-louer-lasalle-l341073	logisquebec:l341073	2026-07-16	unresolved	Detail page checked but no postal code or exact street address disclosed
https://www.logisquebec.com/appartement-a-louer-verdun-l344264	logisquebec:l344264	2026-07-16	rejected	300 rue Elgar matches existing confirmed H3E 1C9 wrong prefix
https://www.logisquebec.com/appartement-a-louer-lasalle-l345659	logisquebec:l345659	2026-07-16	rejected	Exact address geocoded to H8N 0G4 wrong postal prefix
https://www.logisquebec.com/appartement-a-louer-lasalle-l347931	logisquebec:l347931	2026-07-16	rejected	Exact address geocoded to H4G 2A8 wrong postal prefix
https://www.logisquebec.com/appartement-a-louer-lasalle-l348261	logisquebec:l348261	2026-07-16	rejected	Detail page confirms 880 pi2 under 900 sqft
https://www.logisquebec.com/appartement-a-louer-verdun-l348735	logisquebec:l348735	2026-07-16	rejected	Card states postal H4G 2T6 wrong prefix
https://www.logisquebec.com/appartement-a-louer-verdun-l349317	logisquebec:l349317	2026-07-16	rejected	Card states postal H4G 2T6 wrong prefix
https://www.logisquebec.com/appartement-a-louer-lasalle-l350878	logisquebec:l350878	2026-07-16	rejected	Exact address geocoded to H8N 0G4 wrong postal prefix
https://www.logisquebec.com/appartement-a-louer-lasalle-l350924	logisquebec:l350924	2026-07-16	rejected	Detail page confirms 800 pi2 under 900 sqft
https://www.logisquebec.com/appartement-a-louer-verdun-l351619	logisquebec:l351619	2026-07-16	rejected	700 rue de Gaspe matches existing confirmed H3E 1H2 wrong prefix
https://www.logisquebec.com/appartement-a-louer-verdun-l351620	logisquebec:l351620	2026-07-16	rejected	420 rue Abelard matches existing confirmed H3E 1B5 wrong prefix
https://www.logisquebec.com/appartement-a-louer-lasalle-l352434	logisquebec:l352434	2026-07-16	rejected	Detail page describes unit as demi-sous-sol
https://www.logisquebec.com/appartement-a-louer-lasalle-l353801	logisquebec:l353801	2026-07-16	rejected	Exact address geocoded to H8N 3A2 wrong postal prefix
https://www.logisquebec.com/appartement-a-louer-lasalle-l353954	logisquebec:l353954	2026-07-16	rejected	Exact address geocoded to H8R 2A5 wrong postal prefix
https://www.padmapper.com/buildings/p1242793/apartments-at-591-av-ash-montreal-qc-h3k-2r5	https://www.padmapper.com/buildings/p1242793/apartments-at-591-av-ash-montreal-qc-h3k-2r5	2026-07-16	rejected	Listing URL postal code H3K 2R5 wrong postal prefix
https://www.padmapper.com/buildings/p1528917/apartments-at-5795-boul-monk-montreal-qc-h4e-3h2	https://www.padmapper.com/buildings/p1528917/apartments-at-5795-boul-monk-montreal-qc-h4e-3h2	2026-07-16	rejected	Listing URL postal code H4E 3H2 wrong postal prefix
https://www.padmapper.com/buildings/p1535682/apartments-at-700-rue-gordon-montreal-qc-h4g-2s1	https://www.padmapper.com/buildings/p1535682/apartments-at-700-rue-gordon-montreal-qc-h4g-2s1	2026-07-16	rejected	Listing URL postal code H4G 2S1 wrong postal prefix
https://www.padmapper.com/buildings/p1551084/univert-lasalle-condos-apartments-at-305-rue-quinlan-montreal-qc-h8r-0e1	https://www.padmapper.com/buildings/p1551084/univert-lasalle-condos-apartments-at-305-rue-quinlan-montreal-qc-h8r-0e1	2026-07-16	rejected	Listing URL postal code H8R 0E1 wrong postal prefix
https://www.padmapper.com/buildings/p1592683/apartments-at-1671-rue-le-caron-montreal-qc-h4e-1k1	https://www.padmapper.com/buildings/p1592683/apartments-at-1671-rue-le-caron-montreal-qc-h4e-1k1	2026-07-16	rejected	Listing URL postal code H4E 1K1 wrong postal prefix
https://www.padmapper.com/buildings/p1601780/apartments-at-368-rue-willibrord-montreal-qc-h4g-2t6	https://www.padmapper.com/buildings/p1601780/apartments-at-368-rue-willibrord-montreal-qc-h4g-2t6	2026-07-16	rejected	Listing URL postal code H4G 2T6 wrong postal prefix
https://www.padmapper.com/buildings/p1601781/apartments-at-2353-rue-springland-montreal-qc-h4e-2g1	https://www.padmapper.com/buildings/p1601781/apartments-at-2353-rue-springland-montreal-qc-h4e-2g1	2026-07-16	rejected	Listing URL postal code H4E 2G1 wrong postal prefix
https://www.padmapper.com/buildings/p1616445/apartments-at-376-rue-willibrord-montreal-qc-h4g-2t6	https://www.padmapper.com/buildings/p1616445/apartments-at-376-rue-willibrord-montreal-qc-h4g-2t6	2026-07-16	rejected	Listing URL postal code H4G 2T6 wrong postal prefix
https://www.padmapper.com/buildings/p1647943/9431-lasalle-apartments-at-9431-boul-lasalle-montreal-qc-h8r-2m8	https://www.padmapper.com/buildings/p1647943/9431-lasalle-apartments-at-9431-boul-lasalle-montreal-qc-h8r-2m8	2026-07-16	rejected	Listing URL postal code H8R 2M8 wrong postal prefix
https://www.padmapper.com/buildings/p244826/sunnybrooke-apartments-at-5460-av-sunnybrooke-cote-saint-luc-qc-h4x-2e3	https://www.padmapper.com/buildings/p244826/sunnybrooke-apartments-at-5460-av-sunnybrooke-cote-saint-luc-qc-h4x-2e3	2026-07-16	rejected	Listing URL postal code H4X 2E3 wrong postal prefix
https://www.padmapper.com/buildings/p252434/hi-rise-4-apartments-at-700-rue-de-gaspe-montreal-qc-h3e-1h2	https://www.padmapper.com/buildings/p252434/hi-rise-4-apartments-at-700-rue-de-gaspe-montreal-qc-h3e-1h2	2026-07-16	rejected	Listing URL postal code H3E 1H2 wrong postal prefix
https://www.padmapper.com/buildings/p252437/ph-2-6-apartments-at-520-rue-de-gaspe-montreal-qc-h3e-1g1	https://www.padmapper.com/buildings/p252437/ph-2-6-apartments-at-520-rue-de-gaspe-montreal-qc-h3e-1g1	2026-07-16	rejected	Listing URL postal code H3E 1G1 wrong postal prefix
https://www.padmapper.com/buildings/p252438/ph-2-3-elevator-apartments-at-300-rue-elgar-montreal-qc-h3e-1c9	https://www.padmapper.com/buildings/p252438/ph-2-3-elevator-apartments-at-300-rue-elgar-montreal-qc-h3e-1c9	2026-07-16	rejected	Listing URL postal code H3E 1C9 wrong postal prefix
https://www.padmapper.com/buildings/p252439/ph-3-3-walk-up-apartments-at-420-rue-abelard-montreal-qc-h3e-1b5	https://www.padmapper.com/buildings/p252439/ph-3-3-walk-up-apartments-at-420-rue-abelard-montreal-qc-h3e-1b5	2026-07-16	rejected	Listing URL postal code H3E 1B5 wrong postal prefix
https://www.padmapper.com/buildings/p539209/apartments-at-645-rue-gordon-montreal-qc-h4g-2r7	https://www.padmapper.com/buildings/p539209/apartments-at-645-rue-gordon-montreal-qc-h4g-2r7	2026-07-16	rejected	Listing URL postal code H4G 2R7 wrong postal prefix
https://www.padmapper.com/buildings/p572401/la-verdunoise-apartments-at-4055-4035-4055-rue-lanouette-montreal-qc-h4g-1b5	https://www.padmapper.com/buildings/p572401/la-verdunoise-apartments-at-4055-4035-4055-rue-lanouette-montreal-qc-h4g-1b5	2026-07-16	rejected	Listing URL postal code H4G 1B5 wrong postal prefix
https://www.padmapper.com/buildings/p666477/areve-appartements-apartments-at-6760-boul-newman-montreal-qc-h8n-0h4	https://www.padmapper.com/buildings/p666477/areve-appartements-apartments-at-6760-boul-newman-montreal-qc-h8n-0h4	2026-07-16	rejected	Listing URL postal code H8N 0H4 wrong postal prefix
https://www.padmapper.com/buildings/p978145/apartments-at-443-4e-avenue-montreal-qc-h4g-2y3	https://www.padmapper.com/buildings/p978145/apartments-at-443-4e-avenue-montreal-qc-h4g-2y3	2026-07-16	rejected	Listing URL postal code H4G 2Y3 wrong postal prefix
https://www.padmapper.com/rentals/18404140p/3-bedroom-1-bath-apartment-at-194-avenue-dupras-montreal-qc-h8r-3s3	https://www.padmapper.com/rentals/18404140p/3-bedroom-1-bath-apartment-at-194-avenue-dupras-montreal-qc-h8r-3s3	2026-07-16	rejected	Listing URL postal code H8R 3S3 wrong postal prefix
https://www.padmapper.com/rentals/28760784p/2-bedroom-1-bath-apartment-at-1743-rue-leprohon-montreal-qc-h4e-1p3	https://www.padmapper.com/rentals/28760784p/2-bedroom-1-bath-apartment-at-1743-rue-leprohon-montreal-qc-h4e-1p3	2026-07-16	rejected	Listing URL postal code H4E 1P3 wrong postal prefix
https://www.padmapper.com/buildings/p1103675/2106-2118-claremont-apartments-at-2112-av-claremont-montreal-qc-h3z-2p8	padmapper:/buildings/p1103675/2106-2118-claremont-apartments-at-2112-av-claremont-montreal-qc-h3z-2p8	2026-07-16	rejected	Card-level reject: wrong area named on card
https://www.padmapper.com/buildings/p1204158/gardenia-apartments-at-808-2e-avenue-montreal-qc-h8s-0a5	padmapper:/buildings/p1204158/gardenia-apartments-at-808-2e-avenue-montreal-qc-h8s-0a5	2026-07-16	rejected	Card-level reject: wrong area named on card
https://www.padmapper.com/buildings/p1270072/exal-ndg-apartments-at-7300-rue-saint-jacques-montreal-qc-h4b-0a7	padmapper:/buildings/p1270072/exal-ndg-apartments-at-7300-rue-saint-jacques-montreal-qc-h4b-0a7	2026-07-16	rejected	Card-level reject: wrong area named on card
https://www.padmapper.com/buildings/p1330734/welcome-to-870-rue-saint-louis-where-historic-charm-meets-modern-living-apartments-at-890-rue-saint-louis-montreal-qc-h8s-2j8	padmapper:/buildings/p1330734/welcome-to-870-rue-saint-louis-where-historic-charm-meets-modern-living-apartments-at-890-rue-saint-louis-montreal-qc-h8s-2j8	2026-07-16	rejected	Card-level reject: wrong area named on card
https://www.padmapper.com/buildings/p1353602/apartments-at-5-prom-courtney-montreal-west-qc-h4x-1m6	padmapper:/buildings/p1353602/apartments-at-5-prom-courtney-montreal-west-qc-h4x-1m6	2026-07-16	rejected	Card-level reject: wrong area named on card
https://www.padmapper.com/buildings/p1403156/complexe-celeste-apartments-at-815-rue-gagne-montreal-qc-h8p-0a4	padmapper:/buildings/p1403156/complexe-celeste-apartments-at-815-rue-gagne-montreal-qc-h8p-0a4	2026-07-16	accepted	Duplicate of existing accepted row in docs
https://www.padmapper.com/buildings/p1616790/apartments-at-7211-avenue-fielding-montreal-qc-h4v-1r4	padmapper:/buildings/p1616790/apartments-at-7211-avenue-fielding-montreal-qc-h4v-1r4	2026-07-16	rejected	Card-level reject: wrong area named on card
https://www.padmapper.com/buildings/p1616791/apartments-at-7241-avenue-fielding-montreal-qc-h4v-1r4	padmapper:/buildings/p1616791/apartments-at-7241-avenue-fielding-montreal-qc-h4v-1r4	2026-07-16	rejected	Card-level reject: wrong area named on card
https://www.padmapper.com/buildings/p365488/apartments-at-4560-rue-sainte-catherine-o-westmount-qc-h3z-1s2	padmapper:/buildings/p365488/apartments-at-4560-rue-sainte-catherine-o-westmount-qc-h3z-1s2	2026-07-16	rejected	Card-level reject: wrong area named on card
https://www.padmapper.com/buildings/p373503/apartments-at-2054-av-claremont-montreal-qc-h3z-2p8	padmapper:/buildings/p373503/apartments-at-2054-av-claremont-montreal-qc-h3z-2p8	2026-07-16	rejected	Card-level reject: wrong area named on card
https://www.padmapper.com/buildings/p457909/apartments-at-2235-av-prud'homme-montreal-qc-h4a-3h3	padmapper:/buildings/p457909/apartments-at-2235-av-prud'homme-montreal-qc-h4a-3h3	2026-07-16	rejected	Card-level reject: wrong area named on card
https://www.padmapper.com/buildings/p462418/apartments-at-418-av-claremont-westmount-qc-h3y-2n2	padmapper:/buildings/p462418/apartments-at-418-av-claremont-westmount-qc-h3y-2n2	2026-07-16	rejected	Card-level reject: wrong area named on card
https://www.padmapper.com/buildings/p543923/chateau-maisonneuve-apartments-at-4998-boul-de-maisonneuve-o-westmount-qc-h3z-1n2	padmapper:/buildings/p543923/chateau-maisonneuve-apartments-at-4998-boul-de-maisonneuve-o-westmount-qc-h3z-1n2	2026-07-16	rejected	Card-level reject: wrong area named on card
https://www.padmapper.com/rentals/28386023p/3-bedroom-1-bath-apartment-at-495-rue-provost-montreal-qc-h8s-1l9	padmapper:/rentals/28386023p/3-bedroom-1-bath-apartment-at-495-rue-provost-montreal-qc-h8s-1l9	2026-07-16	rejected	Card-level reject: wrong area named on card
https://www.rentcafe.com/apartments/qc/lasalle/satori-condominium/default.aspx	https://www.rentcafe.com/apartments/qc/lasalle/satori-condominium/default.aspx	2026-07-16	rejected	Detail page postal code H8N 3G2 is outside H4H/H8P
https://www.rentcafe.com/apartments/qc/montr%C3%A9al/6161-boulevard-lasalle/default.aspx	https://www.rentcafe.com/apartments/qc/montr%C3%A9al/6161-boulevard-lasalle/default.aspx	2026-07-16	rejected	Detail page shows 2-bedroom floor plan under 900 sqft
https://www.rentcafe.com/apartments/qc/boisbriand/la-voile-boisbriand/default.aspx	rentcafe:/apartments/qc/boisbriand/la-voile-boisbriand/default.aspx	2026-07-16	rejected	Card-level reject: wrong postal prefix J7H on card
https://www.rentcafe.com/apartments/qc/brossard/7350-avenue-tisserand/default.aspx	rentcafe:/apartments/qc/brossard/7350-avenue-tisserand/default.aspx	2026-07-16	rejected	Card-level reject: wrong postal prefix J4W on card
https://www.rentcafe.com/apartments/qc/brossard/le-saint-laurent-apartments/default.aspx	rentcafe:/apartments/qc/brossard/le-saint-laurent-apartments/default.aspx	2026-07-16	rejected	Card-level reject: wrong postal prefix J4X on card
https://www.rentcafe.com/apartments/qc/cote-st-luc/place-kingsley/default.aspx	rentcafe:/apartments/qc/cote-st-luc/place-kingsley/default.aspx	2026-07-16	rejected	Card-level reject: wrong postal prefix H4W on card
https://www.rentcafe.com/apartments/qc/lachine/gardenia-a1/default.aspx	rentcafe:/apartments/qc/lachine/gardenia-a1/default.aspx	2026-07-16	rejected	Card-level reject: wrong postal prefix H8S on card
https://www.rentcafe.com/apartments/qc/lasalle/armco-immobilier/default.aspx	rentcafe:/apartments/qc/lasalle/armco-immobilier/default.aspx	2026-07-16	rejected	Card-level reject: wrong postal prefix H8N on card
https://www.rentcafe.com/apartments/qc/laval/equinoxe-levesque/default.aspx	rentcafe:/apartments/qc/laval/equinoxe-levesque/default.aspx	2026-07-16	rejected	Card-level reject: wrong postal prefix H7V on card
https://www.rentcafe.com/apartments/qc/montr%C3%A9al/1125-rue-galt/default.aspx	rentcafe:/apartments/qc/montr%c3%a9al/1125-rue-galt/default.aspx	2026-07-16	rejected	Card-level reject: wrong postal prefix H4G on card
https://www.rentcafe.com/apartments/qc/montr%C3%A9al/335-347-fleury-o/default.aspx	rentcafe:/apartments/qc/montr%c3%a9al/335-347-fleury-o/default.aspx	2026-07-16	rejected	Card-level reject: wrong postal prefix H3L on card
https://www.rentcafe.com/apartments/qc/montr%C3%A9al/5275-avenue-randall/default.aspx	rentcafe:/apartments/qc/montr%c3%a9al/5275-avenue-randall/default.aspx	2026-07-16	rejected	Card-level reject: wrong postal prefix H4V on card
https://www.rentcafe.com/apartments/qc/montreal-nord/6325-blvd-maurice-duplessis/default.aspx	rentcafe:/apartments/qc/montreal-nord/6325-blvd-maurice-duplessis/default.aspx	2026-07-16	rejected	Card-level reject: wrong postal prefix H1G on card
https://www.rentcafe.com/apartments/qc/montreal/3655-papineau/default.aspx	rentcafe:/apartments/qc/montreal/3655-papineau/default.aspx	2026-07-16	rejected	Card-level reject: wrong postal prefix H2K on card
https://www.rentcafe.com/apartments/qc/montreal/4720-avenue-st-kevin/default.aspx	rentcafe:/apartments/qc/montreal/4720-avenue-st-kevin/default.aspx	2026-07-16	rejected	Card-level reject: wrong postal prefix H3W on card
https://www.rentcafe.com/apartments/qc/montreal/524-23e-avenue/default.aspx	rentcafe:/apartments/qc/montreal/524-23e-avenue/default.aspx	2026-07-16	rejected	Card-level reject: wrong postal prefix H8S on card
https://www.rentcafe.com/apartments/qc/montreal/excelsior-apartments/default.aspx	rentcafe:/apartments/qc/montreal/excelsior-apartments/default.aspx	2026-07-16	rejected	Card-level reject: wrong postal prefix H4W on card
https://www.rentcafe.com/apartments/qc/saint-laurent/1083-1089-rue-duguay-saint-laurent-qc-h4r-1w2/default.aspx	rentcafe:/apartments/qc/saint-laurent/1083-1089-rue-duguay-saint-laurent-qc-h4r-1w2/default.aspx	2026-07-16	rejected	Card-level reject: wrong postal prefix H4R on card
https://www.rentcafe.com/apartments/qc/saint-laurent/176-178-boulevard-thompson-saint-laurent-qc-h4n-1b90/default.aspx	rentcafe:/apartments/qc/saint-laurent/176-178-boulevard-thompson-saint-laurent-qc-h4n-1b90/default.aspx	2026-07-16	rejected	Card-level reject: wrong postal prefix H4N on card
https://www.rentcafe.com/apartments/qc/sainte-therese/bourg-du-village/default.aspx	rentcafe:/apartments/qc/sainte-therese/bourg-du-village/default.aspx	2026-07-16	rejected	Card-level reject: wrong postal prefix J7E on card
https://www.rentcafe.com/apartments/qc/verdun/150-rue-berlioz/default.aspx	rentcafe:/apartments/qc/verdun/150-rue-berlioz/default.aspx	2026-07-16	rejected	Card-level reject: wrong postal prefix H3E on card
https://www.rentcafe.com/apartments/qc/verdun/la-verdunoise/default.aspx	rentcafe:/apartments/qc/verdun/la-verdunoise/default.aspx	2026-07-16	rejected	Card-level reject: wrong postal prefix H4G on card
https://www.zumper.com/address/636-rue-egan-montreal-qc-h4h-1w5-can	https://www.zumper.com/address/636-rue-egan-montreal-qc-h4h-1w5-can	2026-07-16	rejected	Detail page confirms 700 sqft under 900 sqft
https://www.zumper.com/address/1743-rue-leprohon-montreal-qc-h4e-1p3-can	zumper:/address/1743-rue-leprohon-montreal-qc-h4e-1p3-can	2026-07-16	rejected	Card-level reject: wrong postal prefix H4E on card
https://www.zumper.com/address/199-rue-willibrord-montreal-qc-h4g-2t5-can	zumper:/address/199-rue-willibrord-montreal-qc-h4g-2t5-can	2026-07-16	rejected	Card-level reject: wrong postal prefix H4G on card
https://www.zumper.com/address/2095-ave-lincoln-montreal-qc-h3h-1j1-can	zumper:/address/2095-ave-lincoln-montreal-qc-h3h-1j1-can	2026-07-16	rejected	Card-level reject: wrong postal prefix H3H on card
https://www.zumper.com/address/2320-rue-ward-montreal-qc-h4m-2v5-can	zumper:/address/2320-rue-ward-montreal-qc-h4m-2v5-can	2026-07-16	rejected	Card-level reject: wrong postal prefix H4M on card
https://www.zumper.com/address/2320-rue-ward-montreal-qc-h4m-2v6-can	zumper:/address/2320-rue-ward-montreal-qc-h4m-2v6-can	2026-07-16	rejected	Card-level reject: wrong postal prefix H4M on card
https://www.zumper.com/address/2636-rue-de-chateauguay-montreal-quebec-h3k-1l4-can	zumper:/address/2636-rue-de-chateauguay-montreal-quebec-h3k-1l4-can	2026-07-16	rejected	Card-level reject: wrong postal prefix H3K on card
https://www.zumper.com/address/3495-ave-ridgewood-montreal-qc-h3v-1b4-can	zumper:/address/3495-ave-ridgewood-montreal-qc-h3v-1b4-can	2026-07-16	rejected	Card-level reject: wrong postal prefix H3V on card
https://www.zumper.com/address/3607-rue-ethel-montreal-qc-h4g-1r9-can	zumper:/address/3607-rue-ethel-montreal-qc-h4g-1r9-can	2026-07-16	rejected	Card-level reject: wrong postal prefix H4G on card
https://www.zumper.com/address/3610-rue-de-verdun-montreal-qc-h4g-1k4-can	zumper:/address/3610-rue-de-verdun-montreal-qc-h4g-1k4-can	2026-07-16	rejected	Card-level reject: wrong postal prefix H4G on card
https://www.zumper.com/address/3618-rue-de-verdun-montreal-qc-h4g-1k4-can	zumper:/address/3618-rue-de-verdun-montreal-qc-h4g-1k4-can	2026-07-16	rejected	Card-level reject: wrong postal prefix H4G on card
https://www.zumper.com/address/4603-ave-earnscliffe-montreal-qc-h3x-2p1-can	zumper:/address/4603-ave-earnscliffe-montreal-qc-h3x-2p1-can	2026-07-16	rejected	Card-level reject: wrong postal prefix H3X on card
https://www.zumper.com/address/5700-rue-marc-sauvalle-montreal-qc-h4e-4e1-can	zumper:/address/5700-rue-marc-sauvalle-montreal-qc-h4e-4e1-can	2026-07-16	rejected	Card-level reject: wrong postal prefix H4E on card
https://www.zumper.com/address/6220-rue-hamilton-montreal-qc-h4e-3c4-can	zumper:/address/6220-rue-hamilton-montreal-qc-h4e-3c4-can	2026-07-16	rejected	Card-level reject: wrong postal prefix H4E on card
https://www.zumper.com/address/6409-rue-dumas-montreal-qc-h4e-2z8-can	zumper:/address/6409-rue-dumas-montreal-qc-h4e-2z8-can	2026-07-16	rejected	Card-level reject: wrong postal prefix H4E on card
https://www.zumper.com/address/655-ave-lacharite-montreal-qc-h8p-2c1-can	zumper:/address/655-ave-lacharite-montreal-qc-h8p-2c1-can	2026-07-16	accepted	Duplicate of existing accepted row in docs
https://www.zumper.com/address/794-4e-ave-montreal-qc-h4g-2y4-can	zumper:/address/794-4e-ave-montreal-qc-h4g-2y4-can	2026-07-16	rejected	Card-level reject: wrong postal prefix H4G on card
https://www.zumper.com/address/981-ave-harvard-montreal-qc-h4a-2v6-can	zumper:/address/981-ave-harvard-montreal-qc-h4a-2v6-can	2026-07-16	rejected	Card-level reject: wrong postal prefix H4A on card
https://www.zumper.com/listings/62703647/2-bedroom-montreal-qc	zumper:/listings/62703647/2-bedroom-montreal-qc	2026-07-16	rejected	Card-level reject: wrong postal prefix H3H on card
https://www.zumper.com/listings/64499066/2-bedroom-haut-lachine-montreal-qc	zumper:/listings/64499066/2-bedroom-haut-lachine-montreal-qc	2026-07-16	rejected	Card-level reject: wrong postal prefix H4A on card
https://www.zumper.com/listings/64824195/2-bedroom-verdun-centre-montreal-qc	zumper:/listings/64824195/2-bedroom-verdun-centre-montreal-qc	2026-07-16	rejected	Card-level reject: wrong postal prefix H4G on card
https://www.zumper.com/listings/64834828/3-bedroom-lasalle-montreal-qc	zumper:/listings/64834828/3-bedroom-lasalle-montreal-qc	2026-07-16	rejected	Card-level reject: wrong postal prefix H8N on card
https://www.zumper.com/apartment-buildings/p1026702/l-laval-chomedey-laval-qc	zumper:p1026702	2026-07-16	rejected	Detail page postal code H7N 0H9 is outside H4H/H8P
https://www.zumper.com/apartment-buildings/p1126251/1568-1576-rue-de-la-visitation-sainte-marie-montreal-qc	zumper:p1126251	2026-07-16	rejected	Detail page postal code H2L 3C1 is outside H4H/H8P
https://www.zumper.com/apartment-buildings/p1252828/4852-4856-st-urbain-mile-end-montreal-qc	zumper:p1252828	2026-07-16	rejected	Detail page postal code H2T 2W2 is outside H4H/H8P
https://www.zumper.com/apartment-buildings/p1296824/condos-locatifs-ste-marie-st-constant-saint-constant-qc	zumper:p1296824	2026-07-16	rejected	Detail page postal code J5A 1C3 is outside H4H/H8P
https://www.zumper.com/apartment-buildings/p1527729/4530-girouard-norte-dame-de-grace-montreal-qc	zumper:p1527729	2026-07-16	rejected	Detail page postal code H4A 3E6 is outside H4H/H8P
https://www.zumper.com/apartment-buildings/p1633870/relief-sur-la-gare-saint-constant-qc	zumper:p1633870	2026-07-16	rejected	Detail page postal code J5A 2H5 is outside H4H/H8P
https://www.zumper.com/apartment-buildings/p351521/1750-cedar-montreal-qc	zumper:p351521	2026-07-16	rejected	Detail page postal code H3G 1A3 is outside H4H/H8P
https://www.zumper.com/apartment-buildings/p355800/vue-phase-5-snowdon-montreal-qc	zumper:p355800	2026-07-16	rejected	Detail page postal code H4P 0B6 is outside H4H/H8P
https://www.zumper.com/apartment-buildings/p422879/4875-dufferin-snowdon-montreal-qc	zumper:p422879	2026-07-16	rejected	Detail page postal code H3X 2Z2 is outside H4H/H8P
https://www.zumper.com/apartment-buildings/p444073/the-topaz-laval-apartments-chomedey-laval-qc	zumper:p444073	2026-07-16	rejected	Detail page postal code H7S 0A4 is outside H4H/H8P
https://www.zumper.com/apartment-buildings/p446856/the-quartz-montreal-apartments-snowdon-montreal-qc	zumper:p446856	2026-07-16	rejected	Detail page postal code H3X 2K3 is outside H4H/H8P
https://www.zumper.com/apartment-buildings/p457909/2235-prud'homme-douek-ca-haut-lachine-montreal-qc	zumper:p457909	2026-07-16	rejected	Detail page postal code H4A 3H3 is outside H4H/H8P
https://www.zumper.com/apartment-buildings/p462418/418-claremont-westmount-qc	zumper:p462418	2026-07-16	rejected	Detail page postal code H3Y 2N2 is outside H4H/H8P
https://www.zumper.com/apartment-buildings/p543923/chateau-maisonneuve-westmount-qc	zumper:p543923	2026-07-16	rejected	Detail page postal code H3Z 1N2 is outside H4H/H8P
https://www.zumper.com/apartment-buildings/p572401/la-verdunoise-verdun-centre-montreal-qc	zumper:p572401	2026-07-16	rejected	Detail page postal code H4G 1B5 is outside H4H/H8P
https://www.zumper.com/apartment-buildings/p626776/3440-ridgewood-cote-des-neiges-montreal-qc	zumper:p626776	2026-07-16	rejected	Detail page postal code H3V 1C2 is outside H4H/H8P
https://www.zumper.com/apartment-buildings/p666477/areve-appartements-lasalle-montreal-qc	zumper:p666477	2026-07-16	rejected	Detail page postal code H8N 0H4 is outside H4H/H8P
https://www.centris.ca/en/condos-apartments~for-rent~montreal-lasalle/9893844	centris:9893844	2026-07-17	rejected	Exact address (8296 Rue Dora) geocoded to H8N 1X9 wrong postal prefix
https://www.centris.ca/en/condos-apartments~for-rent~montreal-verdun-ile-des-soeurs/13085849	centris:13085849	2026-07-17	rejected	Exact address (3189 Rue Evelyn) geocoded to H4G 1R5 wrong postal prefix
https://www.centris.ca/en/condos-apartments~for-rent~montreal-verdun-ile-des-soeurs/15876765	centris:15876765	2026-07-17	rejected	Exact address geocoded to H4H 1H6 (passes) but detail page states "2 bedrooms (1 in basement)", partly below-grade dwelling
https://www.centris.ca/en/condos-apartments~for-rent~montreal-verdun-ile-des-soeurs/16007874	centris:16007874	2026-07-17	rejected	Exact address (1110 5e Avenue) geocoded to H4G 1E9 wrong postal prefix
https://www.centris.ca/en/condos-apartments~for-rent~montreal-verdun-ile-des-soeurs/16760993	centris:16760993	2026-07-17	rejected	Exact address (520 Rue Gibbons) geocoded to H4G 2C5 wrong postal prefix
https://www.centris.ca/en/condos-apartments~for-rent~montreal-verdun-ile-des-soeurs/16890157	centris:16890157	2026-07-17	rejected	Exact address (443 5e Avenue) geocoded to H4G 1X5 wrong postal prefix
https://www.centris.ca/en/condos-apartments~for-rent~montreal-verdun-ile-des-soeurs/18666602	centris:18666602	2026-07-17	rejected	Exact address (430 2e Avenue) geocoded to H4G 1X3 wrong postal prefix
https://www.centris.ca/en/condos-apartments~for-rent~montreal-verdun-ile-des-soeurs/19342461	centris:19342461	2026-07-17	rejected	Exact address (171 4e Avenue) geocoded to H4G 1X5 wrong postal prefix
https://www.centris.ca/en/condos-apartments~for-rent~montreal-verdun-ile-des-soeurs/20120172	centris:20120172	2026-07-17	rejected	Exact address (706 3e Avenue) geocoded to H4G 1E9 wrong postal prefix
https://www.centris.ca/en/condos-apartments~for-rent~montreal-verdun-ile-des-soeurs/28212865	centris:28212865	2026-07-17	rejected	Exact address (100 Rue Willibrord) geocoded to H4G 1W6 wrong postal prefix
https://www.kijiji.ca/v-apartments-condos/ville-de-montreal/41-2-a-louer-lasalle-electros-inclus/1737517943	kijiji:1737517943	2026-07-17	accepted	LaSalle H8P 1T8, 2 bedrooms, 1000 sqft, quiet fourplex, no basement wording
https://www.kijiji.ca/v-apartments-condos/ville-de-montreal/5-1-2-duplex-for-rent/1740689396	kijiji:1740689396	2026-07-17	rejected	Detail page rental location is H8R 2K9 wrong postal prefix
https://www.kijiji.ca/v-apartments-condos/ville-de-montreal/sunny-riverside-2-bedroom-condo-in-verdun-furnished-sublet/1740711485	kijiji:1740711485	2026-07-17	rejected	Detail page confirms H4H 1Y6 but only 800 sqft, under 900 sqft minimum
https://www.kijiji.ca/v-apartments-condos/ville-de-montreal/ville-lasalle-4-5-enhaut-tranquille-aug-ou-srpt/1740725679	kijiji:1740725679	2026-07-17	rejected	Detail page rental location is H8N 1K4 wrong postal prefix
https://www.kijiji.ca/v-apartments-condos/ville-de-montreal/5-1-2-renove-3-chambres-metro-angrignon-electros-inc-1950/1740721112	kijiji:1740721112	2026-07-17	rejected	Card-level reject: 800 sqft on card
https://www.kijiji.ca/v-apartments-condos/ville-de-montreal/a-louer-grand-5-renove-a-lasalle/1740708841	kijiji:1740708841	2026-07-17	rejected	Card-level reject: 800 sqft on card
https://www.kijiji.ca/v-apartments-condos/ville-de-montreal/clean-bright-4-apartment-for-rent-le-sud-ouest-1-295-month/1740682200	kijiji:1740682200	2026-07-17	rejected	Card-level reject: 775 sqft on card, repost of already-rejected 1740626661 unit (same title/address)
https://www.kijiji.ca/v-apartments-condos/ville-de-montreal/la-verdunoise-two-bedroom-4-5-large-apartment-for-rent/1729079519	kijiji:1729079519	2026-07-17	rejected	La Verdunoise building, matches existing confirmed H4G 1B5 wrong prefix
https://www.zumper.com/listings/64637038/3-bedroom-francois-perrault-montreal-qc	zumper:64637038	2026-07-17	rejected	Card-level reject: address 7105 12e Avenue #3 shows postal H2A 2Y1, wrong prefix
https://www.padmapper.com/buildings/p1631702/apartments-at-5799-boul-monk-montreal-qc-h4e-3h2	padmapper:/buildings/p1631702/apartments-at-5799-boul-monk-montreal-qc-h4e-3h2	2026-07-17	rejected	Card-level reject: wrong postal prefix H4E on card/URL
https://www.padmapper.com/buildings/p593585/apartments-at-623-rue-woodland-montreal-qc-h4h-1v7	padmapper:/buildings/p593585/apartments-at-623-rue-woodland-montreal-qc-h4h-1v7	2026-07-17	accepted	Duplicate of existing accepted 689 Rue Woodland H4H 1V7 row (same building/postal code)
https://www.padmapper.com/buildings/p1372318/apartments-at-943-rue-saint-philippe-montreal-qc-h4c-2w2	padmapper:/buildings/p1372318/apartments-at-943-rue-saint-philippe-montreal-qc-h4c-2w2	2026-07-17	rejected	Card-level reject: wrong postal prefix H4C on card/URL
https://www.padmapper.com/buildings/p1570467/redfern-apartments-at-4413-rue-sainte-catherine-o-westmount-qc-h3z-1r4	padmapper:/buildings/p1570467/redfern-apartments-at-4413-rue-sainte-catherine-o-westmount-qc-h3z-1r4	2026-07-17	rejected	Card-level reject: wrong postal prefix H3Z on card/URL
https://www.padmapper.com/buildings/p1636556/3466-3476-verdun-apartments-at-3466-rue-de-verdun-montreal-qc-h4g-1k3	padmapper:/buildings/p1636556/3466-3476-verdun-apartments-at-3466-rue-de-verdun-montreal-qc-h4g-1k3	2026-07-17	rejected	Card-level reject: wrong postal prefix H4G on card/URL
https://www.padmapper.com/buildings/p252440/ph-4-4-apartments-at-670-rue-de-gaspe-montreal-qc-h3e-1h8	padmapper:/buildings/p252440/ph-4-4-apartments-at-670-rue-de-gaspe-montreal-qc-h3e-1h8	2026-07-17	rejected	Card-level reject: wrong postal prefix H3E on card/URL
https://www.padmapper.com/buildings/p935654/apartments-at-2090-rue-wellington-montreal-qc-h3k-1w9	padmapper:/buildings/p935654/apartments-at-2090-rue-wellington-montreal-qc-h3k-1w9	2026-07-17	rejected	Card-level reject: wrong postal prefix H3K on card/URL
https://www.facebook.com/marketplace/item/1030381536415526/	facebook:1030381536415526	2026-07-17	accepted	Duplicate of existing accepted 250 Boulevard Bishop-Power H8P 2P9 row (same exact address)
https://www.facebook.com/marketplace/item/1330665615260084/	facebook:1330665615260084	2026-07-17	rejected	Detail page rental location is H8N 2G3 wrong postal prefix (8530 Jean Brillon building)
https://www.facebook.com/marketplace/item/1539448344571815/	facebook:1539448344571815	2026-07-17	rejected	Detail page rental location is H8R 2V9 wrong postal prefix
https://www.facebook.com/marketplace/item/1739551307172356/	facebook:1739551307172356	2026-07-17	unresolved	No postal code or exact address disclosed; LaSalle lease-assignment, 2 bedrooms
https://www.facebook.com/marketplace/item/2252121535592438/	facebook:2252121535592438	2026-07-17	rejected	Detail page rental location is H8R 2C3 wrong postal prefix, also 800 sqft under 900
https://www.facebook.com/marketplace/item/2521660848247891/	facebook:2521660848247891	2026-07-17	rejected	Detail description explicitly says "BASEMENT"
https://www.facebook.com/marketplace/item/27531563169835121/	facebook:27531563169835121	2026-07-17	rejected	Detail page rental location is H8N 1W1 wrong postal prefix
https://www.facebook.com/marketplace/item/4410200999239048/	facebook:4410200999239048	2026-07-17	rejected	Detail page rental location is H8R 2G8 wrong postal prefix
https://www.facebook.com/marketplace/item/902912458813392/	facebook:902912458813392	2026-07-17	rejected	Detail page rental location is H8R 2G8 wrong postal prefix
https://www.facebook.com/marketplace/item/1325373706308569/	facebook:1325373706308569	2026-07-17	unresolved	No postal code or exact address disclosed; LaSalle, 2 bedrooms, 1120 sqft
https://www.facebook.com/marketplace/item/1751108353001578/	facebook:1751108353001578	2026-07-17	unresolved	No postal code or exact address disclosed; 2nd floor condo, 2 bedrooms, four-season veranda
https://www.facebook.com/marketplace/item/2309231952818460/	facebook:2309231952818460	2026-07-17	accepted	Exact address (297 5e Avenue) and Rental Location confirm H8P 1H6, 2 bedrooms, upper duplex, no basement wording
https://www.facebook.com/marketplace/item/976977048465882/	facebook:976977048465882	2026-07-17	accepted	Exact address (7486 Boulevard Champlain) confirms H8P 1A1, 3 bedrooms, 2nd floor, no basement wording
https://www.facebook.com/marketplace/item/1438579858266781/	facebook:1438579858266781	2026-07-17	rejected	Detail description explicitly says "situe au niveau sous-sol" (basement level)
https://www.kijiji.ca/v-apartments-condos/ville-de-montreal/renovated-verdun-5-1-2-appartment-5-minutes-walk-to-metro/1740736911	kijiji:1740736911	2026-07-18	rejected	Detail page shows 800 sqft, below 900 sqft minimum
https://www.kijiji.ca/v-apartments-condos/ville-de-montreal/lasalle:-nice-5-1-2-in-a-5-plex-for-now-or-later/1740712522	kijiji:1740712522	2026-07-18	rejected	655 Ave Lacharite, detail page describes unit as semi-basement in a 5-plex
https://www.kijiji.ca/v-apartments-condos/ville-de-montreal/spacious-5-duplex-for-rent-backyard-garage-parking-&-great-l/1740734510	kijiji:1740734510	2026-07-18	rejected	Detail page rental location is H8N 1N5, wrong postal prefix
https://www.kijiji.ca/v-apartments-condos/ville-de-montreal/lasalle-4-1-2-upper/1740752192	kijiji:1740752192	2026-07-18	rejected	Detail page location Parc Angrignon H8N1V7 wrong postal prefix
https://www.kijiji.ca/v-apartments-condos/ville-de-montreal/6-1-2-near-metro-monk-available-august-1st/1740754346	kijiji:1740754346	2026-07-18	rejected	Detail page location Montreal H4E 3J1 wrong postal prefix
https://www.kijiji.ca/v-apartments-condos/ville-de-montreal/grand-beau-logement-a-louer-5-1-2-5-5-mtl-apartment-for-rent/1740771087	kijiji:1740771087	2026-07-18	rejected	Detail page location Lasalle H8R 1S8 wrong postal prefix
https://www.kijiji.ca/v-apartments-condos/ville-de-montreal/nice-apartment-for-rent-4-1-2-mtl-4-5-beau-logement-a-louer/1740771660	kijiji:1740771660	2026-07-18	rejected	Detail page location Lasalle H8R 1S8 wrong postal prefix, same building as 1740771087
https://www.kijiji.ca/v-apartments-condos/ville-de-montreal/ville-lasalle-4-5-enhaut-tranquille-aug-ou-sept/1740775350	kijiji:1740775350	2026-07-18	rejected	Detail page location Lasalle H8N 1K4 wrong postal prefix
https://www.kijiji.ca/v-apartments-condos/ville-de-montreal/rent-apartment/1740780712	kijiji:1740780712	2026-07-18	rejected	Detail page location Lasalle H8R wrong postal prefix
https://www.kijiji.ca/v-apartments-condos/ville-de-montreal/verdun-great-location-very-nice-4-plus/1740758369	kijiji:1740758369	2026-07-18	rejected	Detail page shows 800 sqft, below 900 sqft minimum
https://www.kijiji.ca/v-apartments-condos/ville-de-montreal/bright-4-perfect-location/1740760207	kijiji:1740760207	2026-07-18	rejected	Detail page shows 800 sqft, below 900 sqft minimum
https://www.kijiji.ca/v-apartments-condos/ville-de-montreal/4-1-2-a-louer-a-montreal-sur-la-rue-jacques-hertel/1740772680	kijiji:1740772680	2026-07-18	rejected	Card-level reject: postal H4E 1S6 shown on card
https://www.kijiji.ca/v-apartments-condos/ville-de-montreal/verdun-proche-de-tout-2cac-h4g2w2/1740773907	kijiji:1740773907	2026-07-18	rejected	Card-level reject: postal H4G2W2 shown in title
https://www.facebook.com/marketplace/item/1274336211295732/	facebook:1006550041970600	2026-07-18	accepted	Duplicate of existing accepted 220 Boulevard Bishop-Power H8P 2P8 row (same postal, elevator, laundry in building, balcony, 2BR)
https://www.facebook.com/marketplace/item/1345635301041500/	facebook:1345635301041500	2026-07-18	rejected	Description confirms 1 chambre fermee (1 bedroom) despite 2 beds structured field
https://www.facebook.com/marketplace/item/3788965787911722/	facebook:3788965787911722	2026-07-18	unresolved	No postal code or exact address disclosed; 2BR, 1st floor, promising
https://www.centris.ca/en/condos-apartments~for-rent~montreal-lasalle/12704378	centris:12704378	2026-07-18	accepted	Duplicate of existing accepted row in docs
https://www.centris.ca/en/condos-apartments~for-rent~montreal-lasalle/19209136	centris:19209136	2026-07-18	accepted	Duplicate of existing accepted row in docs
https://www.centris.ca/en/condos-apartments~for-rent~montreal-lasalle/27575797	centris:27575797	2026-07-18	accepted	Duplicate of existing accepted row in docs
https://www.centris.ca/en/condos-apartments~for-rent~montreal-verdun-ile-des-soeurs/13666722	centris:13666722	2026-07-18	accepted	Duplicate of existing accepted row in docs
https://www.centris.ca/en/condos-apartments~for-rent~montreal-verdun-ile-des-soeurs/14134360	centris:14134360	2026-07-18	accepted	Duplicate of existing accepted row in docs
https://www.centris.ca/en/condos-apartments~for-rent~montreal-verdun-ile-des-soeurs/16610539	centris:16610539	2026-07-18	accepted	Duplicate of existing accepted row in docs
https://www.centris.ca/en/condos-apartments~for-rent~montreal-verdun-ile-des-soeurs/25178784	centris:25178784	2026-07-18	accepted	Duplicate of existing accepted row in docs
https://www.centris.ca/en/condos-apartments~for-rent~montreal-verdun-ile-des-soeurs/25994279	centris:25994279	2026-07-18	accepted	Duplicate of existing accepted row in docs
https://email.search.kijiji.ca/c/eJxEzsGKgzAQxvGnGW9KMonGHHJYEGGfQobMtKZrWtGor7-wLez1-_8OHweNvVisJGjXW-uM79tqDn30_a27oTNkvShjrWIdFTOy59hSlQIq7JTTXrfaqLZxRIpRe-c6FE0MVu1CW5ybn_RIj9REqpYwl7LuYL4AR8Dxuq7_Cjie9ZnkqlkKpWVv5pIXMCPxN4MZtLPK9c5bD9gdJU9ZOB0ZzCCZ0vIZ99exRQEz7HQK1-8LnxYpr5TuTzBDvk9_YHqDiRbZSrUFWkt9UYmzbGAV7fP9eDbxlasz4G8AAAD__7gUXt8	kijiji:1740787949	2026-07-19	rejected	Card shows 750 sqft under 900 sqft minimum (matches Kijiji ad 1740787949)
https://email.search.kijiji.ca/c/eJxEzkFugzAQheHTDDuQPWMwLLyohJB6CjTYQ3CKkwgMXL9SE6nb93-LF5zGVgwW4rRtjbHUtXWxuHkiM8-NxTBhLTSJJ9-qYKfZqykoKaJDhY2yutO1JlVXllkF1J21DYrmAEbtwptfqp94j_dYeS5Wt-T82oG-AAfA4bqu_wo4nOUZ5SqDZI7rXi05rUADh-8A1GtLtu3ImBqwOXIak4R4JKBeEsf1M-7PY_MC1O98SijfFz7Nc3pxvD2A-nQb_8D4BiOvsuVic_zK5cXZL7KBUbwvt-NR-WcqToe_AQAA__-g2V--	kijiji:1737893445	2026-07-19	rejected	Card description states 700 PC (sqft) under 900 sqft minimum (matches Kijiji ad 1737893445)
https://email.search.kijiji.ca/c/eJxEzsGKrDAQheGniTslqYpWZ5HFBRHuU0iNKdv0mG4xUV9_YLphtuf_Fid4AzexUIk3dLOW0N3aavGm-5qdtSJGgLB1GNw8g-HQzeKIsIoeNHSajDOtQd02xKwDGEfUgRgOyuosvE9L8x0f8RGbiavVL6VsWeE_BYOC4bquv6pgOOszylUHKRzX3CwlrQoHDv-Dwt6Q1UToNCnojpLGJCEeSWEvieP6GfPr2CdR2Gc-JdTvC582cdo43p8K-3Qff8H4BiOvspdq97yV-uIyLbIrqzkv9-PZTK9UnR5-AgAA__-cFl65	https://email.search.kijiji.ca/c/eJxEzsGKrDAQheGniTslqYpWZ5HFBRHuU0iNKdv0mG4xUV9_YLphtuf_Fid4AzexUIk3dLOW0N3aavGm-5qdtSJGgLB1GNw8g-HQzeKIsIoeNHSajDOtQd02xKwDGEfUgRgOyuosvE9L8x0f8RGbiavVL6VsWeE_BYOC4bquv6pgOOszylUHKRzX3CwlrQoHDv-Dwt6Q1UToNCnojpLGJCEeSWEvieP6GfPr2CdR2Gc-JdTvC582cdo43p8K-3Qff8H4BiOvspdq97yV-uIyLbIrqzkv9-PZTK9UnR5-AgAA__-cFl65	2026-07-19	rejected	Card-level reject: postal H4G2W2 shown in title, wrong prefix
https://email.search.kijiji.ca/c/eJxEzsGOrCAQheGnwZ0GCqRwweImxuQ-hamGmpYe6TaC-vqTTHcy2_N_ixO9AscGGvYKnTGoB9c3i4-9dE4NIBWANgQ3d7NDDPYLbUBC2SQPEqxENaheadl3SCQjqAHRAiuKwsjCtIel-06P9EhdoGb1S61bEfqfgEnAdF3XXxUwne2Z-GojV0pr6ZaaV6Eniv-j0KNCIxHBOinAHjXPmWM6stAjZ0rrZyyvYw8s9Fjo5Ni-L3xaoLxRuj-FHvN9_gXzG8y08l6b3dNW24tqWHgXRlJZ7sezC6_cnB5-AgAA___p1l4O	kijiji:1740772680	2026-07-19	rejected	Card-level reject: postal H4E 1S6 shown on card (matches Kijiji ad 1740772680, cached)
https://email.search.kijiji.ca/c/eJxEzkFuwyAQheHTDDtbMBCDFywqWZZ6CmsK00Bqkshg-_qVmkjdvv9bvOgVOjYo2CvrjLF6dBeRvFKsSUc2TFZaQvuFwbH6HqNx0bIR2aPEQVo1qovS8tJbIhlRjdYOyIoiGFmZtpD6n3zLt9wHEqtPrT0r6A_AGXA-z_O_As5Hd2Q-u8iN8lr71MoKeqb4GUFPanBoB2PkCDjsrSyFY94L6IkL5fU91se-BQY9VTo4dq8L7xaoPClf76Cncl3-wPICC628NbF5erbupBYSb2Ak1XTd7314FHF4_A0AAP__5hNfAw	kijiji:1682764409	2026-07-19	accepted	Duplicate of existing accepted row in docs (matches Kijiji ad 1682764409, cached)
https://email.search.kijiji.ca/c/eJxEzrGOqzAQheGnMR3IM8axKVxcCSHdp0ATz2xwFicRNvD6K20ibXv-rzgcAL302EgA5_vemcHbZglg0ToUzxyNH4beaA0gyMgOv67DtUkBNV60gwEsGG07R6QZYXDuggLEqtdFaItL953u6Z66SM0allpfRZl_CieF03mef1XhdLRHkrNlqZTW0i01r8pMxP9ZmRGc0dZ58FbhZa95zsJpz8qMkimtn7E89y2KMmOhQ7h9X_i0SPlF6fZQZsy3-RfMbzDTKltttkCv2p5U4yKb6jWV5bY_uvjMzRHwJwAA__8cBl5B	kijiji:1730578185	2026-07-19	accepted	Duplicate of existing accepted row in docs (matches Kijiji ad 1730578185, cached)
https://email.search.kijiji.ca/c/eJxEzsGOgyAQxvGnGW8aGBDkwGETY7JPYaYwrXSlbQT19TfZNtnr9_8dvuglDqyxYS_toLVVbuibxQclkGkI5KRj4wRdLmivRg_GiP4qsUkeBRphpZO9VKLvLJGIKJ21BllSBC0K0xaW7ifd0z11gZrVL7W-CqgvwAlwOs_zvwJOR3skPtvIldJauqXmFdRE8TuCGqVVdnBKawdo9prnzDHtGdTImdL6Gctz3wKDGgsdHNv3hU8LlF-Ubg9QY77Nf2B-g5lW3mqzeXrV9qQaFt5ACyrLbX904Zmbw-NvAAAA__9eE157	kijiji:1737893449	2026-07-19	rejected	Card shows under 900 sqft minimum (matches kijiji:1737893449, either 750/825 or 700 sqft)
https://email.search.kijiji.ca/c/eJxEzsGKrDAQheGnKXdKqhKNWWRxQYT7FFImNW16THejUV9_YLphtuf_Fid6pF4MVeLR9sZY7fq2WryjL63IBpEWW6dNnHFmbgW7zs2zDVXypKhTFh22qFXbWGYVCZ21HQlyBKN24S0szXe6p3tqAlerX0p57aD_AY1A43VdfxVoPOszyVVHKZzWvVlKXkGPHP9H0ANa7Qwq1Tug7ih5yhLTkUEPkjmtn3F_HlsQ0MPOp8T6feHTAucXp9sD9JBv0y-Y3mDiVbZSbZ5fpb64hEU2MIr35XY8mvDM1enpJwAA__-rMl7L	kijiji:1739410089	2026-07-19	rejected	Card shows under 900 sqft minimum (matches kijiji:1739410089, either 750/825 or 700 sqft)
https://email.search.kijiji.ca/c/eJxEzkFugzAQheHTmB3IM3Y8sPCiEkLqKdDEHoJTnERg4PqVmkjdvv9bvOgBW7FYiQdqrSVrLFWz5xbIMLs4OYHuSqF1k5lE26l1HICq5FGj0wQdXKDT1ISL6y7gaHJ4RZhEWb0Jr2FuftI93VMTuFr8XMprU-ZL4aBwOM_zvyocjvpIctZRCqdla-aSF2UGjt9RmR7Iamo1ASp0e8ljlpj2rEwvmdPyGbfnvgZRpt_4kFi_L3xa4PzidHso0-fb-AfGNxh5kbVUq-dXqU8uYZZVWc3bfNsfTXjm6vD4GwAA___QCF7k	kijiji:1740780712	2026-07-19	rejected	Detail page rental location H8R wrong postal prefix (matches Kijiji ad 1740780712, cached)
https://email.search.kijiji.ca/c/eJxEzsGOgyAQxvGnwZtmGBD0wGETY7JPYUYYK11pG0F9_U22Tfb6_X-HLziJHWus2EnbaW210rZaXYAOepAWZ2X9zHO3hADcEQEubW9UFR0CGrCyl63swTa-NX0rjV0MzigXFhoy0-7X5ife4z02nqrNraW8slBfAkeB43Vd_1XgeNZn5KsOXChuuVlL2oQaKXwHoQZpNViLpgOB5ihpShzikYQaOFHcPmN-HrtnoYZMJ4f6feHTPKUXxdtDqCHdpj8wvcFEG--l2h29Sn1R8SvvQgPl9XY8Gv9M1enwNwAA__-MWl6n	kijiji:1740772680	2026-07-19	rejected	Card-level reject: postal H4E 1S6 shown on card (matches Kijiji ad 1740772680, cached)
https://email.search.kijiji.ca/c/eJxEzsGOgyAQxvGnGW8aGBD0wGETY7JPYaYwLXSlbQT19TfZNtnr9_8dvuAkDqyxYSftoLXVStsmOuwHLcSFtTejD4GIFPOI9orKGqP6JjkUaISVo-zlKGznezP20tirwQvKK4MWhWnzsftJ93RPnadmdbHWVwH1BTgDzud5_lfA-WiPxGcbuFJaSxdrXkHNFL4DqElaJe1gZI-AZq95yRzSnkFNnCmtn7E8980zqKnQwaF9X_g0T_lF6fYANeXb8geWN1ho5a02m6NXbU-qPvIGWlCJt_3R-WduDoe_AQAA__9nk15-	kijiji:1731786152	2026-07-19	rejected	Detail page address 9435 rue Jean-Milot LaSalle H8R 0C9 wrong prefix (matches Kijiji ad 1731786152, cached)
https://email.search.kijiji.ca/c/eJxEzsGOgyAQxvGnGW8aGRD0wGETY7JPYaYwFrrSGkF9_U22Tfb6_X-Hz1uBPSus2ArTK2WUVKYKdjEGcfGsUYkFe9-JXulBy07eNDHLKlpsUbdGDKITQ2sa1-mhE9osGm8oFgbVZqbdheYnPuIjNo6q1YZStgzyC3ACnK7r-q-A01mfka_ac6G45iaUtIKcyH97kKMwqpVqMJ0A1EdJc2IfjwRy5ERx_Yz5deyOQY6ZTvb1-8KnOUobxfsT5Jju8x-Y32CmlfdS7Za2Ul9UXOAdVEs53I9n416pOi3-BgAA__8Qu14r	kijiji:1740349751	2026-07-19	rejected	Card-level reject: 800 sqft on card (matches Kijiji ad 1740349751, cached)
https://email.search.kijiji.ca/c/eJxEzsGOgyAQxvGnwZsGhhH0wGETY7JPYUaYVrrSGkF9_U22Tfb6_X-HLzgFHSNU7JTtEC1qtNXiWklE2CueUSGy7hWEMOvZdp2aPZsqOpBgpFW9alUvbeNb07fK2JuBGdSNBcrMtPul-YmP-IiNp2p1SylbFvpLwChgvK7rvwoYz_qMfNWBC8U1N0tJq9Ajhe8g9KBMB9Ygyl6AOUqaEod4JKEHThTXz5hfx-5Z6CHTyaF-X_g0T2mjeH8KPaT79AemN5ho5b1Uu6Ot1BcVv_AuUFJe7sez8a9UnQ5-AwAA__-IsV6m	kijiji:1682764409	2026-07-19	accepted	Duplicate of existing accepted row in docs (matches Kijiji ad 1682764409, cached)
https://email.search.kijiji.ca/c/eJxEzk1ugzAQxfHTDDuQv_A4Cy8qIaSeAg32JDjFSYQNXL9SE6nb9_8tXvRSOTaqYS_RGYNGG2wWb8LVRe6jRj2zm7mfXS-dxRidRoOmSV4JZQXKi-zlRWAXenvppcWrVbOSVwYjCtMWlu4n3dM9dYGa1S-1vgroL1AjqPE8z_8KajzaI_HZRq6U1tItNa-gR4rfEfQg0QhEaa0AZfeap8wx7Rn0wJnS-hnLc98Cgx4KHRzb94VPC5RflG4P0EO-TX9geoOJVt5qs3l61fakGhbewAgqy21_dOGZm8Or3wAAAP__h-xelg	kijiji:1740771660	2026-07-19	rejected	Detail page location Lasalle H8R 1S8 wrong prefix (matches Kijiji ad 1740771660, cached)
https://email.search.kijiji.ca/c/eJxEzkFugzAQheHTmB3IMzYeWHhRCSH1FGhiJsEpTiJs4PqVmkjdvv9bvNkDdmKxEg_UWUvWWKoWD3B1okNgR8z60kFrLr0hQy0JocUqetToNEEPLfSamtC6vgVHV4cXhKsoq7PwFpbmJ97jPTaBq9UvpbyyMl8KR4XjeZ7_VeF41EeUs56lcFxzs5S0KjPy_D0rMwBZTQS6I4VuL2lKMsc9KTNI4rh-xvzctyDKDJkPmev3hU8LnF4cbw9lhnSb_sD0BhOvspVq8_wq9cklLLIpqzkvt_3RhGeqDo-_AQAA__8DzV4X	kijiji:1740771087	2026-07-19	rejected	Detail page location Lasalle H8R 1S8 wrong prefix (matches Kijiji ad 1740771087, cached)
https://email.search.kijiji.ca/c/eJxEzsGOgyAQxvGnGW8aGBDwwGETY7JPYaYwrXSlbQT19TfZNtnr9_8dvuglOtbYsJfWaW210rZZfLiIGJxh4cyAAom1Nc4ho-2tlGya5FGgEVYOspeDsF3ozdBLY68GLyivDFoUpi0s3U-6p3vqAjWrX2p9FVBfgBPgdJ7nfwWcjvZIfLaRK6W1dEvNK6iJ4ncENUqrrBuU1gOg2WueM8e0Z1AjZ0rrZyzPfQsMaix0cGzfFz4tUH5Ruj1Ajfk2_4H5DWZaeavN5ulV25NqWHgDLagst_3RhWduDo-_AQAA___n-V4D	kijiji:1737893449	2026-07-19	rejected	Card shows under 900 sqft minimum (matches kijiji:1737893449, either 750/825 or 700 sqft)
https://www.kijiji.ca/v-apartments-condos/ville-de-montreal/2-ch-1-sdb-montreal-1-700-mo/1737893449	kijiji:1737893449	2026-07-19	rejected	Card shows 750 sqft (Lasalle page) and 825 sqft (Verdun page) both under 900 sqft minimum
https://www.kijiji.ca/v-apartments-condos/ville-de-montreal/2-ch-1-sdb-montreal-1-700-mo/1739410089	kijiji:1739410089	2026-07-19	rejected	Card shows 700 sqft under 900 sqft minimum
https://www.kijiji.ca/v-apartments-condos/ville-de-montreal/2-ch-1-sdb-montreal-1-800-mo/1737893445	kijiji:1737893445	2026-07-19	rejected	Card description states 700 PC (sqft) under 900 sqft minimum
https://www.kijiji.ca/v-apartments-condos/ville-de-montreal/grand-4-1-2-a-louer-a-lasalle/1740806712	kijiji:1740806712	2026-07-19	rejected	Card shows 875 sqft under 900 sqft minimum
https://www.kijiji.ca/v-apartments-condos/ville-de-montreal/longueuil-4-1350-month-balcony-2950-mazenod-stree/1740807864	kijiji:1740807864	2026-07-19	rejected	Card shows 750 sqft under 900 sqft, also Longueuil not LaSalle/Verdun
https://www.kijiji.ca/v-apartments-condos/ville-de-montreal/ville-lasalle-4-5-enhaut-tranquille-aug-ou-sept/1740807770	kijiji:1740807770	2026-07-19	rejected	Card shows 850 sqft under 900 sqft minimum
https://www.kijiji.ca/v-apartments-condos/ville-de-montreal/newly-renovated-4-1-2-beside-lasalle-metro-verdun/1740787949	kijiji:1740787949	2026-07-19	rejected	Card shows 750 sqft under 900 sqft minimum
https://www.kijiji.ca/v-apartments-condos/ville-de-montreal/4-5-apartment-lasalle-july-1st/1738641718	kijiji:1738641718	2026-07-19	rejected	Detail page rental location 1700 Rue Beique H8R 2C3 wrong prefix, also 750 sqft under 900
https://www.centris.ca/en/condos-apartments~for-rent~montreal-lasalle/9893844	centris:9893844	2026-07-19	rejected	Exact address 8296 Rue Dora geocoded to H8N 1X9 wrong postal prefix
https://w3dwmzr.r.ca-central-1.awstrack.me/L0/https:%2F%2Fduproprio.com%2Fen%2F1129957%3Futm_source=alerts%26utm_medium=email%26utm_campaign=qc-en-property%26utm_content=lien-propriete-1/1/010d019f78c8aad2-5aba0606-36db-4e2a-99f7-867a40c84eb1-000000/vUGzuvnfHAOL_FZppci3SsMYHpI=258	https://duproprio.com/en/1129957	2026-07-19	accepted	8555 boulevard LaSalle geocoded to H8P 1G5, 2BR, 2nd floor, in-unit washer/dryer, no basement wording
https://www.logisquebec.com/appartement-a-louer-lasalle-l345905	logisquebec:l345905	2026-07-19	rejected	416 Rue Bourbonnais geocoded to H8R 1Y8 wrong prefix, resolves previously-unresolved row
https://www.logisquebec.com/appartement-a-louer-verdun-l345352	logisquebec:l345352	2026-07-19	rejected	645 Avenue Gordon repost, matches existing confirmed H4G 2R7 wrong prefix (l331048)
https://www.kijiji.ca/v-apartments-condos/ville-de-montreal/ph-2-6-2-bedroom-apartment-for-rent/1733435145	kijiji:1733435145	2026-07-21	rejected	Postal code H3E 1G1 (520 rue de Gaspé, Verdun) is outside H4H/H8P
https://www.kijiji.ca/v-apartments-condos/ville-de-montreal/ph-1-4-2-bedroom-apartment-for-rent/1733435218	kijiji:1733435218	2026-07-21	rejected	Postal code H3E 1B8 (220 rue Berlioz, Verdun) is outside H4H/H8P
https://www.kijiji.ca/v-apartments-condos/ville-de-montreal/big-2-bedroom-4-1-2-with-all-appliances-included/1736352214	kijiji:1736352214	2026-07-21	rejected	Postal code H8N 1T8 (1732 Avenue Dollard, LaSalle) is outside H4H/H8P
https://www.kijiji.ca/v-apartments-condos/ville-de-montreal/grand-5-a-lasalle-free-for-july-pres-du-metro-angrignon/1737848133	kijiji:1737848133	2026-07-21	rejected	Postal code H8N 2E2 (LaSalle) is outside H4H/H8P
https://www.kijiji.ca/v-apartments-condos/ville-de-montreal/fully-renovated-4-1-2-apartment-on-verdun/1737944516	kijiji:1737944516	2026-07-21	rejected	Postal code H4G 1K7 (Verdun) is outside H4H/H8P
https://www.kijiji.ca/v-apartments-condos/ville-de-montreal/grand-5-et-demi-a-louer-avec-3-chambres-3-bedrooms-apt-verdu/1738432756	kijiji:1738432756	2026-07-21	rejected	Postal code H4G 2P4 (Verdun) is outside H4H/H8P
https://www.kijiji.ca/v-apartments-condos/ville-de-montreal/mtl-4-5-beau-logement-a-louer-nice-apartment-for-rent-4-1-2/1740830525	kijiji:1740830525	2026-07-21	rejected	Postal FSA H8R (LaSalle) is outside H4H/H8P
https://www.kijiji.ca/v-apartments-condos/ville-de-montreal/beau-grand-5-1-2-a-louer/1740866259	kijiji:1740866259	2026-07-21	rejected	Postal code H8R 2G1 (Rue de Beauport, Montréal) is outside H4H/H8P
https://www.kijiji.ca/v-short-term-rental/ville-de-montreal/sunny-riverside-2-bedroom-condo-in-verdun-furnished-sublet/1740887330	kijiji:1740887330	2026-07-21	accepted	H4H postal code confirmed, 2 bedrooms, upper-floor unit (not basement); size not stated (missing size is not disqualifying)
https://www.kijiji.ca/v-apartments-condos/ville-de-montreal/4-1-2-apartments-for-rent-in-lasalle/1740890704	https://www.kijiji.ca/v-apartments-condos/ville-de-montreal/4-1-2-apartments-for-rent-in-lasalle/1740890704	2026-07-21	rejected	Card states 750 sqft, a real size under 900 sqft
https://www.kijiji.ca/v-apartments-condos/ville-de-montreal/4-1-2-apartment-with-backyard-in-southwest/1740887805	https://www.kijiji.ca/v-apartments-condos/ville-de-montreal/4-1-2-apartment-with-backyard-in-southwest/1740887805	2026-07-21	rejected	Card states 850 sqft, a real size under 900 sqft
https://www.kijiji.ca/v-apartments-condos/ville-de-montreal/lasalle:-large-renovated-5-1-2-in-semi-basement-in-5-plex/1740848698	https://www.kijiji.ca/v-apartments-condos/ville-de-montreal/lasalle:-large-renovated-5-1-2-in-semi-basement-in-5-plex/1740848698	2026-07-21	rejected	Title explicitly says 'Semi-Basement'
https://www.kijiji.ca/v-apartments-condos/ville-de-montreal/4-1-2-verdun/1740816633	https://www.kijiji.ca/v-apartments-condos/ville-de-montreal/4-1-2-verdun/1740816633	2026-07-21	rejected	Card states 500 sqft, a real size under 900 sqft; description also states unit is 'au demi-sous-sol'
https://www.kijiji.ca/v-apartments-condos/ville-de-montreal/renovated-4-5-with-all-appliances-near-canal-lachine/1740895360	https://www.kijiji.ca/v-apartments-condos/ville-de-montreal/renovated-4-5-with-all-appliances-near-canal-lachine/1740895360	2026-07-21	rejected	Card states 800 sqft, a real size under 900 sqft
https://www.kijiji.ca/v-apartments-condos/ville-de-montreal/clean-bright-4-apartment-for-rent-le-sud-ouest-1-250-month/1740868125	https://www.kijiji.ca/v-apartments-condos/ville-de-montreal/clean-bright-4-apartment-for-rent-le-sud-ouest-1-250-month/1740868125	2026-07-21	rejected	Card states 750 sqft, a real size under 900 sqft
https://www.kijiji.ca/v-apartments-condos/ville-de-montreal/large-4-excellent-location-calm-neighborhood/1740844995	https://www.kijiji.ca/v-apartments-condos/ville-de-montreal/large-4-excellent-location-calm-neighborhood/1740844995	2026-07-21	rejected	Card states 800 sqft, a real size under 900 sqft
https://www.kijiji.ca/v-apartments-condos/ville-de-montreal/apartment-for-rent/1740835978	https://www.kijiji.ca/v-apartments-condos/ville-de-montreal/apartment-for-rent/1740835978	2026-07-21	rejected	Description gives exact address '222 rue Beaudion, H4C 2Y2' — postal prefix H4C is not H4H or H8P (also 800 sqft, under 900)
https://www.kijiji.ca/v-apartments-condos/ville-de-montreal/verdun-superbe-4-1er-etage-cour-stationnement-pres-metro/1740813600	https://www.kijiji.ca/v-apartments-condos/ville-de-montreal/verdun-superbe-4-1er-etage-cour-stationnement-pres-metro/1740813600	2026-07-21	rejected	Card states 850 sqft, a real size under 900 sqft
https://www.rentcafe.com/apartment-buildings/p422879/4875-dufferin-snowdon-montreal-qc	https://www.rentcafe.com/apartment-buildings/p422879/4875-dufferin-snowdon-montreal-qc	2026-07-21	rejected	Postal code H3X 2Z2, not H4H or H8P
https://www.rentcafe.com/apartment-buildings/p1026702/l-laval-chomedey-laval-qc	https://www.rentcafe.com/apartment-buildings/p1026702/l-laval-chomedey-laval-qc	2026-07-21	rejected	Postal code H7N 0H9 (Laval), not H4H or H8P
https://www.rentcafe.com/apartment-buildings/p1633870/relief-sur-la-gare-saint-constant-qc	https://www.rentcafe.com/apartment-buildings/p1633870/relief-sur-la-gare-saint-constant-qc	2026-07-21	rejected	Postal code J5A 2H5 (Saint-Constant), not H4H or H8P
https://www.rentcafe.com/address/4603-ave-earnscliffe-montreal-qc-h3x-2p1-can	https://www.rentcafe.com/address/4603-ave-earnscliffe-montreal-qc-h3x-2p1-can	2026-07-21	rejected	Postal code H3X 2P1, not H4H or H8P
https://www.rentcafe.com/apartment-buildings/p1296824/condos-locatifs-ste-marie-st-constant-saint-constant-qc	https://www.rentcafe.com/apartment-buildings/p1296824/condos-locatifs-ste-marie-st-constant-saint-constant-qc	2026-07-21	rejected	Postal code J5A 1C3 (Saint-Constant), not H4H or H8P
https://www.rentcafe.com/address/2320-rue-ward-montreal-qc-h4m-2v6-can	https://www.rentcafe.com/address/2320-rue-ward-montreal-qc-h4m-2v6-can	2026-07-21	rejected	Postal code H4M 2V6, not H4H or H8P
https://www.rentcafe.com/address/2320-rue-ward-montreal-qc-h4m-2v5-can	https://www.rentcafe.com/address/2320-rue-ward-montreal-qc-h4m-2v5-can	2026-07-21	rejected	Postal code H4M 2V5, not H4H or H8P
https://www.rentcafe.com/address/2095-ave-lincoln-montreal-qc-h3h-1j1-can	https://www.rentcafe.com/address/2095-ave-lincoln-montreal-qc-h3h-1j1-can	2026-07-21	rejected	Postal code H3H 1J1, not H4H or H8P
https://www.rentcafe.com/apartment-buildings/p537575/5550-5559-st-laurent-7-9-st-viateur-west-mile-end-montreal-qc	https://www.rentcafe.com/apartment-buildings/p537575/5550-5559-st-laurent-7-9-st-viateur-west-mile-end-montreal-qc	2026-07-21	rejected	Postal code H2T 1S8 (Mile End), not H4H or H8P
https://www.rentcafe.com/apartment-buildings/p1252828/4852-4856-st-urbain-mile-end-montreal-qc	https://www.rentcafe.com/apartment-buildings/p1252828/4852-4856-st-urbain-mile-end-montreal-qc	2026-07-21	rejected	Postal code H2T 2W2 (Mile End), not H4H or H8P
https://www.rentcafe.com/apartment-buildings/p626776/3440-ridgewood-cote-des-neiges-montreal-qc	https://www.rentcafe.com/apartment-buildings/p626776/3440-ridgewood-cote-des-neiges-montreal-qc	2026-07-21	rejected	Postal code H3V 1C2 (Cote-des-Neiges), not H4H or H8P
https://www.rentcafe.com/apartment-buildings/p351521/1750-cedar-montreal-qc	https://www.rentcafe.com/apartment-buildings/p351521/1750-cedar-montreal-qc	2026-07-21	rejected	Postal code H3G 1A3, not H4H or H8P
https://www.rentcafe.com/apartment-buildings/p1126251/1568-1576-rue-de-la-visitation-sainte-marie-montreal-qc	https://www.rentcafe.com/apartment-buildings/p1126251/1568-1576-rue-de-la-visitation-sainte-marie-montreal-qc	2026-07-21	rejected	Postal code H2L 3C1 (Sainte-Marie), not H4H or H8P
https://www.rentcafe.com/apartment-buildings/p444073/the-topaz-laval-apartments-chomedey-laval-qc	https://www.rentcafe.com/apartment-buildings/p444073/the-topaz-laval-apartments-chomedey-laval-qc	2026-07-21	rejected	Postal code H7S 0A4 (Laval), not H4H or H8P
https://www.rentcafe.com/apartment-buildings/p457909/2235-prud'homme-douek-ca-haut-lachine-montreal-qc	https://www.rentcafe.com/apartment-buildings/p457909/2235-prud'homme-douek-ca-haut-lachine-montreal-qc	2026-07-21	rejected	Postal code H4A 3H3 (Haut-Lachine), not H4H or H8P
https://www.rentcafe.com/listings/64834828/3-bedroom-lasalle-montreal-qc	https://www.rentcafe.com/listings/64834828/3-bedroom-lasalle-montreal-qc	2026-07-21	rejected	Postal code H8N 2X3, not H4H or H8P
https://www.rentcafe.com/address/5700-rue-marc-sauvalle-montreal-qc-h4e-4e1-can	https://www.rentcafe.com/address/5700-rue-marc-sauvalle-montreal-qc-h4e-4e1-can	2026-07-21	rejected	Postal code H4E 4E1, not H4H or H8P
https://www.rentcafe.com/address/3610-rue-de-verdun-montreal-qc-h4g-1k4-can	https://www.rentcafe.com/address/3610-rue-de-verdun-montreal-qc-h4g-1k4-can	2026-07-21	rejected	Postal code H4G 1K4, not H4H or H8P
https://www.rentcafe.com/address/981-ave-harvard-montreal-qc-h4a-2v6-can	https://www.rentcafe.com/address/981-ave-harvard-montreal-qc-h4a-2v6-can	2026-07-21	rejected	Postal code H4A 2V6, not H4H or H8P
https://www.rentcafe.com/address/3495-ave-ridgewood-montreal-qc-h3v-1b4-can	https://www.rentcafe.com/address/3495-ave-ridgewood-montreal-qc-h3v-1b4-can	2026-07-21	rejected	Postal code H3V 1B4, not H4H or H8P
https://www.rentcafe.com/listings/62703647/2-bedroom-montreal-qc	https://www.rentcafe.com/listings/62703647/2-bedroom-montreal-qc	2026-07-21	rejected	Postal code H3H 1T8, not H4H or H8P
https://www.rentcafe.com/address/1743-rue-leprohon-montreal-qc-h4e-1p3-can	https://www.rentcafe.com/address/1743-rue-leprohon-montreal-qc-h4e-1p3-can	2026-07-21	rejected	Postal code H4E 1P3, not H4H or H8P
https://www.rentcafe.com/apartment-buildings/p355800/vue-phase-5-snowdon-montreal-qc	https://www.rentcafe.com/apartment-buildings/p355800/vue-phase-5-snowdon-montreal-qc	2026-07-21	rejected	Postal code H4P 0B6 (Snowdon), not H4H or H8P
https://www.rentcafe.com/apartment-buildings/p572401/la-verdunoise-verdun-centre-montreal-qc	https://www.rentcafe.com/apartment-buildings/p572401/la-verdunoise-verdun-centre-montreal-qc	2026-07-21	rejected	Postal code H4G 1B5, not H4H or H8P
https://www.rentcafe.com/apartment-buildings/p666477/areve-appartements-lasalle-montreal-qc	https://www.rentcafe.com/apartment-buildings/p666477/areve-appartements-lasalle-montreal-qc	2026-07-21	rejected	Postal code H8N 0H4 (LaSalle), not H4H or H8P
https://www.rentcafe.com/apartment-buildings/p749390/8405-place-saint-charles-secteur-s-brossard-qc	https://www.rentcafe.com/apartment-buildings/p749390/8405-place-saint-charles-secteur-s-brossard-qc	2026-07-21	rejected	Postal code J4X 0C2 (Brossard), not H4H or H8P
https://www.rentcafe.com/apartment-buildings/p446856/the-quartz-montreal-apartments-snowdon-montreal-qc	https://www.rentcafe.com/apartment-buildings/p446856/the-quartz-montreal-apartments-snowdon-montreal-qc	2026-07-21	rejected	Postal code H3X 2K3 (Snowdon), not H4H or H8P
https://www.rentcafe.com/apartment-buildings/p462418/418-claremont-westmount-qc	https://www.rentcafe.com/apartment-buildings/p462418/418-claremont-westmount-qc	2026-07-21	rejected	Postal code H3Y 2N2 (Westmount), not H4H or H8P
https://www.rentcafe.com/apartment-buildings/p543923/chateau-maisonneuve-westmount-qc	https://www.rentcafe.com/apartment-buildings/p543923/chateau-maisonneuve-westmount-qc	2026-07-21	rejected	Postal code H3Z 1N2 (Westmount), not H4H or H8P
https://www.rentcafe.com/apartment-buildings/p1527729/4530-girouard-norte-dame-de-grace-montreal-qc	https://www.rentcafe.com/apartment-buildings/p1527729/4530-girouard-norte-dame-de-grace-montreal-qc	2026-07-21	rejected	Postal code H4A 3E6 (NDG), not H4H or H8P
https://www.rentcafe.com/address/199-rue-willibrord-montreal-qc-h4g-2t5-can	https://www.rentcafe.com/address/199-rue-willibrord-montreal-qc-h4g-2t5-can	2026-07-21	rejected	Postal code H4G 2T5, not H4H or H8P
https://www.rentcafe.com/listings/64824195/2-bedroom-verdun-centre-montreal-qc	https://www.rentcafe.com/listings/64824195/2-bedroom-verdun-centre-montreal-qc	2026-07-21	rejected	Postal code H4G 1P5, not H4H or H8P
https://www.rentcafe.com/address/3607-rue-ethel-montreal-qc-h4g-1r9-can	https://www.rentcafe.com/address/3607-rue-ethel-montreal-qc-h4g-1r9-can	2026-07-21	rejected	Postal code H4G 1R9, not H4H or H8P
https://www.rentcafe.com/address/6220-rue-hamilton-montreal-qc-h4e-3c4-can	https://www.rentcafe.com/address/6220-rue-hamilton-montreal-qc-h4e-3c4-can	2026-07-21	rejected	Postal code H4E 3C4, not H4H or H8P
https://www.rentcafe.com/address/6409-rue-dumas-montreal-qc-h4e-2z8-can	https://www.rentcafe.com/address/6409-rue-dumas-montreal-qc-h4e-2z8-can	2026-07-21	rejected	Postal code H4E 2Z8, not H4H or H8P
https://www.rentcafe.com/address/3618-rue-de-verdun-montreal-qc-h4g-1k4-can	https://www.rentcafe.com/address/3618-rue-de-verdun-montreal-qc-h4g-1k4-can	2026-07-21	rejected	Postal code H4G 1K4, not H4H or H8P
https://www.rentcafe.com/address/794-4e-ave-montreal-qc-h4g-2y4-can	https://www.rentcafe.com/address/794-4e-ave-montreal-qc-h4g-2y4-can	2026-07-21	rejected	Postal code H4G 2Y4, not H4H or H8P
https://www.rentcafe.com/address/2636-rue-de-chateauguay-montreal-quebec-h3k-1l4-can	https://www.rentcafe.com/address/2636-rue-de-chateauguay-montreal-quebec-h3k-1l4-can	2026-07-21	rejected	Postal code H3K 1L4, not H4H or H8P
https://www.zumper.com/buildings/p1535682/apartments-at-700-rue-gordon-montreal-qc-h4g-2s1	https://www.zumper.com/buildings/p1535682/apartments-at-700-rue-gordon-montreal-qc-h4g-2s1	2026-07-21	rejected	Postal prefix H4G, not H4H/H8P
https://www.zumper.com/rentals/28760784p/2-bedroom-1-bath-apartment-at-1743-rue-leprohon-montreal-qc-h4e-1p3	https://www.zumper.com/rentals/28760784p/2-bedroom-1-bath-apartment-at-1743-rue-leprohon-montreal-qc-h4e-1p3	2026-07-21	rejected	Postal prefix H4E, not H4H/H8P
https://www.zumper.com/buildings/p1601781/apartments-at-2353-rue-springland-montreal-qc-h4e-2g1	https://www.zumper.com/buildings/p1601781/apartments-at-2353-rue-springland-montreal-qc-h4e-2g1	2026-07-21	rejected	Postal prefix H4E, not H4H/H8P
https://www.zumper.com/buildings/p1551084/univert-lasalle-condos-apartments-at-305-rue-quinlan-montreal-qc-h8r-0e1	https://www.zumper.com/buildings/p1551084/univert-lasalle-condos-apartments-at-305-rue-quinlan-montreal-qc-h8r-0e1	2026-07-21	rejected	Postal prefix H8R, not H4H/H8P
https://www.zumper.com/buildings/p1528917/apartments-at-5795-boul-monk-montreal-qc-h4e-3h2	https://www.zumper.com/buildings/p1528917/apartments-at-5795-boul-monk-montreal-qc-h4e-3h2	2026-07-21	rejected	Postal prefix H4E, not H4H/H8P (also 3 bedrooms, not 2)
https://www.zumper.com/buildings/p1330734/welcome-to-870-rue-saint-louis-where-historic-charm-meets-modern-living-apartments-at-890-rue-saint-louis-montreal-qc-h8s-2j8	https://www.zumper.com/buildings/p1330734/welcome-to-870-rue-saint-louis-where-historic-charm-meets-modern-living-apartments-at-890-rue-saint-louis-montreal-qc-h8s-2j8	2026-07-21	rejected	Postal prefix H8S, not H4H/H8P
https://www.zumper.com/buildings/p244826/sunnybrooke-apartments-at-5460-av-sunnybrooke-cote-saint-luc-qc-h4x-2e3	https://www.zumper.com/buildings/p244826/sunnybrooke-apartments-at-5460-av-sunnybrooke-cote-saint-luc-qc-h4x-2e3	2026-07-21	rejected	Postal prefix H4X, not H4H/H8P
https://www.zumper.com/buildings/p666477/areve-appartements-apartments-at-6760-boul-newman-montreal-qc-h8n-0h4	https://www.zumper.com/buildings/p666477/areve-appartements-apartments-at-6760-boul-newman-montreal-qc-h8n-0h4	2026-07-21	rejected	Postal prefix H8N, not H4H/H8P
https://www.zumper.com/buildings/p1505372/apartments-at-141-avenue-duranceau-montreal-qc-h8r-1m7	https://www.zumper.com/buildings/p1505372/apartments-at-141-avenue-duranceau-montreal-qc-h8r-1m7	2026-07-21	rejected	Postal prefix H8R, not H4H/H8P
https://www.zumper.com/buildings/p1073659/le-must-tour-1-apartments-at-365-av-george-v-montreal-qc-h8s-4l3	https://www.zumper.com/buildings/p1073659/le-must-tour-1-apartments-at-365-av-george-v-montreal-qc-h8s-4l3	2026-07-21	rejected	Postal prefix H8S, not H4H/H8P
https://www.zumper.com/buildings/p610636/vida-lasalle-condo-rentals-apartments-at-1011-boul-shevchenko-montreal-qc-h8n-0h2	https://www.zumper.com/buildings/p610636/vida-lasalle-condo-rentals-apartments-at-1011-boul-shevchenko-montreal-qc-h8n-0h2	2026-07-21	rejected	Postal prefix H8N, not H4H/H8P
https://www.zumper.com/buildings/p1270072/exal-ndg-apartments-at-7300-rue-saint-jacques-montreal-qc-h4b-0a7	https://www.zumper.com/buildings/p1270072/exal-ndg-apartments-at-7300-rue-saint-jacques-montreal-qc-h4b-0a7	2026-07-21	rejected	Postal prefix H4B, not H4H/H8P
https://www.zumper.com/buildings/p1631702/apartments-at-5799-boul-monk-montreal-qc-h4e-3h2	https://www.zumper.com/buildings/p1631702/apartments-at-5799-boul-monk-montreal-qc-h4e-3h2	2026-07-21	rejected	Postal prefix H4E, not H4H/H8P (also 3 bedrooms, not 2)
https://www.zumper.com/buildings/p1616790/apartments-at-7211-avenue-fielding-montreal-qc-h4v-1r4	https://www.zumper.com/buildings/p1616790/apartments-at-7211-avenue-fielding-montreal-qc-h4v-1r4	2026-07-21	rejected	Postal prefix H4V, not H4H/H8P
https://www.zumper.com/buildings/p1616791/apartments-at-7241-avenue-fielding-montreal-qc-h4v-1r4	https://www.zumper.com/buildings/p1616791/apartments-at-7241-avenue-fielding-montreal-qc-h4v-1r4	2026-07-21	rejected	Postal prefix H4V, not H4H/H8P
https://www.zumper.com/buildings/p1353602/apartments-at-5-prom-courtney-montreal-west-qc-h4x-1m6	https://www.zumper.com/buildings/p1353602/apartments-at-5-prom-courtney-montreal-west-qc-h4x-1m6	2026-07-21	rejected	Postal prefix H4X, not H4H/H8P (also 3 bedrooms, not 2)
https://www.zumper.com/buildings/p978145/apartments-at-443-4e-avenue-montreal-qc-h4g-2y3	https://www.zumper.com/buildings/p978145/apartments-at-443-4e-avenue-montreal-qc-h4g-2y3	2026-07-21	rejected	Postal prefix H4G, not H4H/H8P
https://www.zumper.com/apartment-buildings/p749390/8405-place-saint-charles-secteur-s-brossard-qc	https://www.zumper.com/apartment-buildings/p749390/8405-place-saint-charles-secteur-s-brossard-qc	2026-07-21	rejected	Postal prefix J4X (Brossard), not H4H/H8P
https://www.padmapper.com/buildings/p1505372/apartments-at-141-avenue-duranceau-montreal-qc-h8r-1m7	https://www.padmapper.com/buildings/p1505372/apartments-at-141-avenue-duranceau-montreal-qc-h8r-1m7	2026-07-21	rejected	Postal prefix H8R, not H4H/H8P
https://www.padmapper.com/buildings/p1073659/le-must-tour-1-apartments-at-365-av-george-v-montreal-qc-h8s-4l3	https://www.padmapper.com/buildings/p1073659/le-must-tour-1-apartments-at-365-av-george-v-montreal-qc-h8s-4l3	2026-07-21	rejected	Postal prefix H8S, not H4H/H8P
https://www.padmapper.com/buildings/p610636/vida-lasalle-condo-rentals-apartments-at-1011-boul-shevchenko-montreal-qc-h8n-0h2	https://www.padmapper.com/buildings/p610636/vida-lasalle-condo-rentals-apartments-at-1011-boul-shevchenko-montreal-qc-h8n-0h2	2026-07-21	rejected	Postal prefix H8N, not H4H/H8P
https://www.padmapper.com/buildings/p252436/ph-1-4-apartments-at-220-rue-berlioz-montreal-qc-h3e-1b8	https://www.padmapper.com/buildings/p252436/ph-1-4-apartments-at-220-rue-berlioz-montreal-qc-h3e-1b8	2026-07-21	rejected	Postal prefix H3E, not H4H/H8P
https://www.padmapper.com/buildings/p618624/highline-apartments-at-5311-rue-sherbrooke-o-montreal-qc-h4a-1v3	https://www.padmapper.com/buildings/p618624/highline-apartments-at-5311-rue-sherbrooke-o-montreal-qc-h4a-1v3	2026-07-21	rejected	Postal prefix H4A, not H4H/H8P
https://www.rentcafe.com/address/636-rue-egan-montreal-qc-h4h-1w5-can	https://www.zumper.com/address/636-rue-egan-montreal-qc-h4h-1w5-can	2026-07-21	rejected	Same address as already-rejected zumper.com 636 Rue Egan H4H 1W5 (700 sqft under 900 sqft)
https://www.rentcafe.com/address/655-ave-lacharite-montreal-qc-h8p-2c1-can	https://www.zumper.com/address/655-ave-lacharite-montreal-qc-h8p-2c1-can	2026-07-21	accepted	Duplicate of existing accepted 655 Avenue Lacharite row in docs
https://www.zumper.com/buildings/p1403156/complexe-celeste-apartments-at-815-rue-gagne-montreal-qc-h8p-0a4	https://www.zumper.com/buildings/p1403156/complexe-celeste-apartments-at-815-rue-gagne-montreal-qc-h8p-0a4	2026-07-21	accepted	Duplicate of existing accepted 815 Rue Gagne / Complexe Celeste row in docs
https://www.zumper.com/buildings/p593585/apartments-at-623-rue-woodland-montreal-qc-h4h-1v7	https://www.zumper.com/buildings/p593585/apartments-at-623-rue-woodland-montreal-qc-h4h-1v7	2026-07-21	accepted	Same postal H4H 1V7 as existing accepted 689 Rue Woodland row; same multi-entrance building, not a distinct listing
https://www.centris.ca/en/condos-apartments~for-rent~montreal-lasalle/12329273	centris:12329273	2026-07-21	rejected	Exact address 2163 Rue Rousseau, LaSalle geocoded to H8N 0E9 wrong postal prefix
https://www.centris.ca/en/condos-apartments~for-rent~montreal-verdun-ile-des-soeurs/9172710	centris:9172710	2026-07-21	rejected	Exact address 3758 Rue Wellington, Verdun geocoded to H4G 1V3 wrong postal prefix
https://w3dwmzr.r.ca-central-1.awstrack.me/L0/https:%2F%2Fduproprio.com%2Fen%2F1138026%3Futm_source=alerts%26utm_medium=email%26utm_campaign=qc-en-property%26utm_content=lien-propriete-1/2/010d019f8344edae-3e5c7867-ec0d-438d-b495-7948d667cf04-000000/zr9zU9iA1bpLZ01SgHBpNe87c8w=258	duproprio:1138026	2026-07-21	rejected	Exact address 9027 Rue de Beauport, LaSalle geocoded to H8R 2A5 wrong postal prefix
https://email.search.kijiji.ca/c/eJxEzrGOqzAQheGnGTqQPWOwU7i4EkK6T4Fm7UlwFicRNvD6K20ibXv-rzjRa3RisBGvrTODscYOzeKZHTky13CNF_2laIjimIPIBbULyjTJo8JBWdS6R0ND11tlUF1M4IB07SMYVYS3sHTf6Z7uqQvcrH6p9VWA_gFOgNN5nn8VcDraI8nZRqmc1tItNa9AE8f_EWjUllRvnXY94LDXPGeJac9Ao2RO62csz30LAjQWPiS27wufFji_ON0eQGO-zb9gfoOZV9lqs3l-1fbkGhbZwCguy21_dOGZm8PjTwAAAP__59Ze_A	kijiji:1730578185	2026-07-21	accepted	Duplicate of existing accepted row in docs (4 1/2 Style Condo Semi-Meuble 28-103)
https://email.search.kijiji.ca/c/eJxEzsGOrCAQheGnKXcaLArQBYubGJP7FKYGsKFHujuC-vqTTHcy2_N_i-Ntj0MgbILtzUCaDBndRKvlqlcvmIRzUulRDZrFl_L9imJc_dgkiwK1MNj3CknqThlBKEZy7FCuygOJEnh3sftO93RPneNms7HWVwH5D3AGnK_r-quA89meKVytD5XTVrpY8wZyZv_fg5x6QwIN0kCA-qh5ycGnI4OcQua0fcbyPHYXQE6Fz-Db94VPc5xfnG4PkFO-Lb9geYOFt7DXZrf8qu3F1cWwAwku8XY8OvfMzWnxJwAA__9WF15s	kijiji:1740272484	2026-07-21	rejected	Matches already-rejected Kijiji ad 1740272484 (4e Avenue, Verdun), 800 sqft under 900 sqft
https://email.search.kijiji.ca/c/eJxEzkFugzAQheHTmB3IjAcPLLyohJB6CjSxJ8EpTiJs4PqVmkjdvv9bvOBa6AWhEtdSjxYJyVaLuw7DxV4sYjcYIA1X1DT4wGQ620tPVXSgwWqCtu0AjW060gh6QM8ezLULCnUW3vzS_MR7vMfGc7W6pZRXVuZLwaRgOs_zvyqYjvqIctZBCsc1N0tJqzITh--gzNgSaiDT9qTA7iXNSULckzKjJI7rZ8zPffOizJj5kFC_L3ya5_TieHsoM6bb_AfmN5h5la1Um-NXqU8ufpFNoea83PZH45-pOhz8BgAA___HF17d	kijiji:1740273187	2026-07-21	rejected	Matches already-rejected Kijiji ad 1740273187 (4e Avenue, Verdun), 800 sqft under 900 sqft
https://email.search.kijiji.ca/c/eJxEzk1ugzAQxfHTDDuQPf4iCy8qIaSeAk3sSXCKE4QNXL9SE6nb9_8tXvQSe9bYsJeu11Y77Wwz--vV3SwqGS-RLkZJc9USA4ubdAajjE3yKNAKh1Ia1Mp2xgmN4qIDBVQ3E0GLwrSFuftJj_RIXaBm8XOtawH1BTgCjud5_lfA8WiPxGcbuVJaSjfXvIAaKX5HUIN0WvS2l2gA7V7zlDmmPYMaOFNaPmN57VtgUEOhg2P7vvBpgfJK6f4ENeT79AemN5ho4a02m6e1tifVMPMGWlCZ7_uzC6_cHB5_AwAA__9Js15f	kijiji:1740868125	2026-07-21	rejected	Matches today's Kijiji ad 1740868125 (Le Sud-Ouest, same $1,250 price), 750 sqft under 900 sqft
https://email.search.kijiji.ca/c/eJxEzsGKrDAQheGnKXdKrJRJXGRxQYT7FFIkNW16THdjor7-wHTDbM__LU70PTohbMT31pEhS9Y0qw_M0Q7YKyNqxNFFsULKqREdOm10kzwqNMpi3w9I2nSDVYRqpMAB9dcQgVQR3sPafad7uqcucLP5tdZXAf0PcAacr-v6q4Dz2Z5JrjZK5bSVbq15Az1z_B9BT71xaA2RGgHNUfOSJaYjg54kc9o-Y3keexDQU-FTYvu-8GmB84vT7QF6yrflFyxvsPAme212z6_aXlzDKjuQ4rLejkcXnrk5Pf4EAAD__6S_Xbg	kijiji:vida-1011-blvd-shevchenko	2026-07-21	rejected	Matches the recurring MTL-Vida complex at 1011 Boulevard Shevchenko, LaSalle, repeatedly confirmed H8N 0H2 wrong postal prefix in prior runs
https://email.search.kijiji.ca/c/eJxEzsGKrDAQheGnKXdKUikTXWRxQYT7FFKTlG16THejUV9_YLphtuf_Fid6jZ0QVuK168iSI2erxcfekkjsrQ5W5ll1dhbsrUL9FUlLqJJHhVY51LpFMrZpnSJUPQUOaOY2AqldeAtL853u6Z6awNXql1JeO5h_gCPgeF3XXwUcz_pMctVRCqd1b5aSVzAjx_8RzKCd6cigay2gPUqessR0ZDCDZE7rZ9yfxxYEzLDzKbF-X_i0wPnF6fYAM-Tb9AumN5h4la1Um-dXqS8uYZENSPG-3I5HE565Oj3-BAAA___HF17d	kijiji:1738432756	2026-07-21	rejected	Same listing as Kijiji ad 1738432756 (Grand 5 et demi, 3 chambres, Verdun), detail page confirms H4G 2P4 wrong postal prefix
https://email.search.kijiji.ca/c/eJxEzsGKrDAQheGniTslViqJLrK4IMJ9CqmpVLfpMd2iUV9_YLphtuf_FieGFjpBqCS0vkOHHr2r5uCYyVmx1oIh-uqoJ9_1PZvoO755W6UAGpz20LYW0LjGeo2ge2RiMDcbFepdaOO5-U6P9EgNU7WEuZR1V-afglHBeF3XX1UwnvWZ5KqjFErL3swlL8qMFP9HZYbWo-4Q-94qcEfJU5aYjqzMIJnS8hn317GxKDPsdEqs3xc-jSmvlO5PZYZ8n37B9AYTLbKVagu0lvqiwrNsCjXt8_14NvzK1RngJwAA__-glV66	kijiji:1740844995	2026-07-21	rejected	Matches today's Kijiji ad 1740844995 (Large 4, Excellent location, calm neighborhood), 800 sqft under 900 sqft
https://www.kijiji.ca/v-apartments-condos/ville-de-montreal/ville-lasalle-4-5-enhaut-tranquille-aug-ou-sept/1740887701	kijiji:h8n-1k4-ville-lasalle-enhaut	2026-07-21	rejected	Matches the recurring "Ville LaSalle 4 1/2 en haut" listing, previously confirmed H8N 1K4 wrong postal prefix under ad IDs 1740349751 and 1740674937
https://www.kijiji.ca/v-apartments-condos/ville-de-montreal/lasalle-4-1-2-lower-duplex/1737664695	kijiji:1737664695	2026-07-22	rejected	Detail page rental location is H8R 3Y9 wrong postal prefix
https://www.kijiji.ca/v-apartments-condos/ville-de-montreal/5-1-2-appartement-lasalle/1740924500	kijiji:1740924500	2026-07-22	rejected	Detail page rental location is H8R 2R1 wrong postal prefix
https://www.kijiji.ca/v-apartments-condos/ville-de-montreal/metro-monk-4-1-2-2e-etage-grand-balcons/1740938622	kijiji:1740938622	2026-07-22	rejected	Detail page rental location is H4E 3G3 wrong postal prefix
https://www.kijiji.ca/v-apartments-condos/ville-de-montreal/metro-jolicoeur-grand-4-1-2-a-sous-louer-sub-rent/1740960611	kijiji:1740960611	2026-07-22	rejected	Detail page rental location is H4E 1P5 wrong postal prefix
https://www.kijiji.ca/v-apartments-condos/ville-de-montreal/splendide-4-1-2-a-louer-proche-du-metro-verdun/1740958466	kijiji:1740958466	2026-07-22	rejected	Detail page rental location is H4G 2Y2 wrong postal prefix
https://www.kijiji.ca/v-apartments-condos/ville-de-montreal/5-1-2-3-bedroom-appartement-verdun/1740922614	kijiji:1740922614	2026-07-22	rejected	Detail page rental location is H4G 2X5 wrong postal prefix
https://www.kijiji.ca/v-apartments-condos/ville-de-montreal/5-1-2-3-bedroom-appartement-verdun/1740922422	kijiji:1740922422	2026-07-22	rejected	Detail page rental location is H4G 2X5 wrong postal prefix, same building as 1740922614
https://www.kijiji.ca/v-apartments-condos/ville-de-montreal/lasalle:-large-renovated-5-1-2-in-a-5-plex-long-or-short-term/1740914254	kijiji:1740914254	2026-07-22	accepted	Description names 655 Ave Lacharite, duplicate of existing accepted row in docs
https://www.kijiji.ca/v-apartments-condos/ville-de-montreal/grand-4-1-2-a-louer-a-lasalle/1740954020	kijiji:1740954020	2026-07-22	rejected	Card shows 700 sqft, under 900 sqft minimum
https://www.kijiji.ca/v-apartments-condos/ville-de-montreal/appartement-renove-2-chambres-verdun/1740956831	kijiji:1740956831	2026-07-22	rejected	Card shows 825 sqft, under 900 sqft minimum
https://www.kijiji.ca/v-apartments-condos/ville-de-montreal/verdun-centre-2cac-oct-h4g/1740953655	kijiji:1740953655	2026-07-22	rejected	Card-level reject: H4G prefix shown in title, also 850 sqft under 900
https://www.kijiji.ca/v-apartments-condos/ville-de-montreal/clean-bright-4-apartment-for-rent-le-sud-ouest-1-250-month/1740916452	kijiji:1740916452	2026-07-22	rejected	Card shows 750 sqft, under 900 sqft minimum
https://www.kijiji.ca/v-apartments-condos/ville-de-montreal/ville-lasalle-4-5-enhaut-tranquille-aug-ou-sept/1740961931	kijiji:1740961931	2026-07-22	rejected	Matches recurring Ville LaSalle 4 1/2 en haut listing, previously confirmed H8N 1K4 wrong postal prefix
https://www.padmapper.com/rentals/26190785p/2-bedroom-1-bath-apartment-at-6409-rue-dumas-montreal-qc-h4e-2z8	https://www.padmapper.com/rentals/26190785p/2-bedroom-1-bath-apartment-at-6409-rue-dumas-montreal-qc-h4e-2z8	2026-07-22	rejected	Listing URL postal code H4E 2Z8 wrong postal prefix
https://www.padmapper.com/rentals/18451796p/2-bedroom-1-bath-apartment-at-1980-rue-cardinal-montreal-qc-h4e-1n5	https://www.padmapper.com/rentals/18451796p/2-bedroom-1-bath-apartment-at-1980-rue-cardinal-montreal-qc-h4e-1n5	2026-07-22	rejected	Listing URL postal code H4E 1N5 wrong postal prefix
https://www.facebook.com/marketplace/item/1323168156610685/	facebook:1323168156610685	2026-07-22	accepted	Duplicate of existing accepted Rue Woodland H4H 1V8 row in docs
https://www.facebook.com/marketplace/item/1564067918796660/	facebook:1564067918796660	2026-07-22	accepted	Duplicate of existing accepted 1004 Rue Allard H4H 2C6 row in docs
https://www.facebook.com/marketplace/item/1703669070967156/	facebook:1703669070967156	2026-07-22	accepted	Duplicate of existing accepted 1360 Valiquette H4H 2E7 row in docs
https://www.facebook.com/marketplace/item/1708896227020118/	facebook:1708896227020118	2026-07-22	unresolved	Duplicate of existing unresolved row in docs
https://www.facebook.com/marketplace/item/4445341512448896/	facebook:4445341512448896	2026-07-22	unresolved	Duplicate of existing unresolved row in docs
https://www.facebook.com/marketplace/item/896545486827680/	facebook:896545486827680	2026-07-22	unresolved	Duplicate of existing unresolved row in docs
https://www.facebook.com/marketplace/item/947696638247924/	facebook:947696638247924	2026-07-22	unresolved	Duplicate of existing unresolved row in docs
https://www.facebook.com/marketplace/item/1009638835008725/	facebook:1009638835008725	2026-07-22	accepted	LaSalle H8P 1V5, 2nd floor duplex, no basement wording
https://www.facebook.com/marketplace/item/1524472299236285/	facebook:1524472299236285	2026-07-22	accepted	Exact address 5406 Rue Bannantyne geocoded to H4H 1G1, 3rd floor, no basement wording
https://www.facebook.com/marketplace/item/26918294041129099/	facebook:26918294041129099	2026-07-22	accepted	Rental Location H4H 1W1, 2nd floor of triplex, no basement wording
https://www.facebook.com/marketplace/item/985037971262819/	facebook:985037971262819	2026-07-22	accepted	Rental Location H8P 2R9, lower duplex unit (bas), not sous-sol, no basement wording
https://www.facebook.com/marketplace/item/1021713556903239/	facebook:1021713556903239	2026-07-22	unresolved	No postal code or exact address disclosed; 3 bedrooms
https://www.facebook.com/marketplace/item/1047269124464668/	facebook:1047269124464668	2026-07-22	unresolved	Names Bishop Power LaSalle street but no house number to confirm postal
https://www.facebook.com/marketplace/item/1423869566250246/	facebook:1423869566250246	2026-07-22	unresolved	No postal code or exact address disclosed, only LaSalle
https://www.facebook.com/marketplace/item/1547861530368396/	facebook:1547861530368396	2026-07-22	unresolved	No postal code or exact address disclosed, only LaSalle
https://www.facebook.com/marketplace/item/1878166633526441/	facebook:1878166633526441	2026-07-22	unresolved	No postal code or exact address disclosed
https://www.facebook.com/marketplace/item/2461638814297664/	facebook:2461638814297664	2026-07-22	unresolved	No postal code or exact address disclosed
https://www.facebook.com/marketplace/item/3645210455621445/	facebook:3645210455621445	2026-07-22	unresolved	Rue Rolland Verdun named but no house number to geocode
https://www.facebook.com/marketplace/item/1035430132504613/	facebook:1035430132504613	2026-07-22	rejected	Description explicitly says garden-level unit / rez-de-jardin
https://www.facebook.com/marketplace/item/1309686407912113/	facebook:1309686407912113	2026-07-22	rejected	Detail page rental location is H8N 1S1 wrong postal prefix
https://www.facebook.com/marketplace/item/1405725921466337/	facebook:1405725921466337	2026-07-22	rejected	Detail page rental location is H4E 3L8 wrong postal prefix
https://www.facebook.com/marketplace/item/1576848073824762/	facebook:1576848073824762	2026-07-22	rejected	Detail page rental location is H8R 2R1 wrong postal prefix
https://www.facebook.com/marketplace/item/1628950144840275/	facebook:1628950144840275	2026-07-22	rejected	Description confirms 778 sqft, under 900 sqft minimum
https://www.facebook.com/marketplace/item/1688834245565658/	facebook:1688834245565658	2026-07-22	rejected	Detail page rental location is H8N 1S1 wrong postal prefix
https://www.facebook.com/marketplace/item/1743207810036227/	facebook:1743207810036227	2026-07-22	rejected	Exact address 8620 Jean Brillon geocoded to H8N 2J1 wrong postal prefix
https://www.facebook.com/marketplace/item/2084524568842180/	facebook:2084524568842180	2026-07-22	rejected	Detail page rental location is H8N 2G1 wrong postal prefix
https://www.facebook.com/marketplace/item/27692832217040961/	facebook:27692832217040961	2026-07-22	rejected	Detail page rental location is H8N 1A4 wrong postal prefix
https://www.facebook.com/marketplace/item/37068972599415594/	facebook:37068972599415594	2026-07-22	rejected	Description says unit spans RC et sous-sol, partly below-grade
https://www.kijiji.ca/v-apartments-condos/ville-de-montreal/disponible-le-1-october-1-2026-verdun-beautiful-5-apartment/1740964403	kijiji:1740964403	2026-07-23	rejected	Detail page shows 810 sqft, below 900 sqft minimum
https://www.kijiji.ca/v-apartments-condos/ville-de-montreal/appartement-5-1-2-a-louer-a-verdun/1740968830	kijiji:1740968830	2026-07-23	rejected	Detail page rental location is H4G 1B5 wrong postal prefix
https://www.kijiji.ca/v-apartments-condos/ville-de-montreal/4-1-2-apartments-for-rent-in-lasalle/1740988061	kijiji:1740988061	2026-07-23	rejected	Detail page rental location is H8R 2A8 wrong postal prefix, also 750 sqft
https://www.kijiji.ca/v-apartments-condos/ville-de-montreal/4-1-2-apt-rdc-en-sud-ouest-montreal/1740988253	kijiji:1740988253	2026-07-23	rejected	Detail page address 1644 Bd Desmarchais H4E 2B4 wrong postal prefix, also 850 sqft
https://www.kijiji.ca/v-apartments-condos/ville-de-montreal/very-nice-4-area-in-high-demand-one-month-free/1740992421	kijiji:1740992421	2026-07-23	rejected	Detail page rental location is H4G 2Y2 wrong postal prefix
https://www.kijiji.ca/v-apartments-condos/ville-de-montreal/long-term-rentals/1740994765	kijiji:1740994765	2026-07-23	rejected	Detail page rental location is H4G 2S2 wrong postal prefix
https://www.kijiji.ca/v-apartments-condos/ville-de-montreal/spacious-2-bedrooms-apartment-near-metro-monk/1740963137	kijiji:1740963137	2026-07-23	rejected	Detail page rental location is H4E 3R4 wrong postal prefix, also 700 sqft
https://www.kijiji.ca/v-apartments-condos/ville-de-montreal/spacious-5-duplex-for-rent-backyard-garage-parking/1740962665	kijiji:1740962665	2026-07-23	rejected	Matches already-rejected repost 1740734510 (Spacious 5 Duplex Backyard Garage), H8N 1N5 wrong prefix
https://www.kijiji.ca/v-apartments-condos/ville-de-montreal/clean-bright-4-apartment-for-rent-le-sud-ouest-1-250-month/1740970928	kijiji:1740970928	2026-07-23	rejected	Matches already-rejected repost of same title/price (Le Sud-Ouest), 750 sqft under 900
https://www.kijiji.ca/v-apartments-condos/ville-de-montreal/verdun-superbe-4-1er-etage-cour-stationnement-pres-metro/1740971414	kijiji:1740971414	2026-07-23	rejected	Matches already-rejected repost 1740661096 (same title), 850 sqft under 900
https://www.kijiji.ca/v-apartments-condos/ville-de-montreal/ville-lasalle-4-5-enhaut-tranquille-aug-ou-sept/1740990378	kijiji:1740990378	2026-07-23	rejected	Matches already-rejected recurring repost (same title), H8N 1K4 wrong prefix
https://www.facebook.com/marketplace/item/915834874812811/	facebook:915834874812811	2026-07-23	accepted	774 41e Avenue LaSalle H8P 3B2, no below-grade wording, backyard access
https://www.facebook.com/marketplace/item/1015318271085063/	facebook:1015318271085063	2026-07-23	unresolved	Detail page checked but no exact address or postal code disclosed, only LaSalle area named
https://www.facebook.com/marketplace/item/1052172034434301/	facebook:1052172034434301	2026-07-23	rejected	Detail page rental location is H8N 2G3 wrong postal prefix
https://www.facebook.com/marketplace/item/1106171889254406/	facebook:1106171889254406	2026-07-23	unresolved	Detail page checked but no exact address or postal code disclosed, only Montreal QC approximate
https://www.facebook.com/marketplace/item/1296872215758482/	facebook:1296872215758482	2026-07-23	unresolved	Detail page checked but no exact address or postal code disclosed, only LaSalle area named
https://www.facebook.com/marketplace/item/1531408412364224/	facebook:1531408412364224	2026-07-23	accepted	Rue Moffat Verdun H4H 1Y5 given directly in description, 2nd floor of quadruplex, no below-grade wording
https://www.facebook.com/marketplace/item/1596661042031825/	facebook:1596661042031825	2026-07-23	rejected	Detail page rental location is H4E 3R4 wrong postal prefix
https://www.facebook.com/marketplace/item/1721909772451932/	facebook:1531408412364224	2026-07-23	accepted	Duplicate cross-post of item 1531408412364224 (Rue Moffat Verdun H4H 1Y5), same address/price/description
https://www.facebook.com/marketplace/item/4575275042733295/	facebook:4575275042733295	2026-07-23	rejected	Detail page rental location is H8N 1R2 wrong postal prefix
https://email.search.kijiji.ca/c/eJxEzsGOgyAQxvGnwZuGGUDogcMmxmSfwowwrXSlbQT19TfZNtnr9_8dvugBHWts2IN12qGU1jSLv0aezRVMb4CkdcFK6iVdZqXsrBlkkzxK7KVFBQYBVKdBX9xl5mjjFfrAQsvCtIWl-0n3dE9doGb1S62vItSXwFHgeJ7nfxU4Hu2R-GwjV0pr6ZaaV6FGit9RqAGsksY6cEZgv9c8ZY5pz0INnCmtn3E89y2wUEOhg2P7vvBpgfKL0u0h1JBv0x-Y3mCilbfabJ5etT2phoU3oSWV5bY_uvDMzeHxNwAA__-es17D	kijiji:1730578185	2026-07-23	accepted	Newsletter tracking link, duplicate of existing accepted row (4.5 Style Condo Semi-Meuble 1550$)
https://email.search.kijiji.ca/c/eJxEzsGOgyAQxvGnGW8aGCjggcMmxmSfwkxhrHSlbQT19TfZNtnr9_8dvuglOtbYsJfWaYdC2EuzeD33xthZOBYXc40zXZ1UaLWx3PcuqiZ5FGiERSUvKKXqtNS9668cbZylCQxaFKYtLN1Puqd76gI1q19qfRVQX4Aj4Hie538FHI_2SHy2kSultXRLzSuokeJ3BDVIq0VvtBYK0Ow1T5lj2jOogTOl9TOW574FBjUUOji27wufFii_KN0eoIZ8m_7A9AYTrbzVZvP0qu1JNSy8gRZUltv-6MIzN4fH3wAAAP__YIVehw	kijiji:1740964403	2026-07-23	rejected	Newsletter tracking link, same Disponible 1 October Verdun listing, 810 sqft under 900
https://email.search.kijiji.ca/c/eJxEzkFugzAQheHTDDuQZ2wHZ-FFJYTUU6CJPQlOcRJhA9ev1ETq9v3f4kWP5MRQIx57Zxwp1dtm9vYaUDCqi4TeBrqelVPKkkTHqI2jJnlSdFI9abSEqDuD5uzOF4l9vOIpCBhVhNcwdz_pnu6pC9wsfq71VUB_AY1A43Ec_xVo3Ns9ydFGqZyW0s01L6BHjt8R9IC9NtahcxbotNU8ZYlpy6AHyZyWz1ie2xoE9FB4l9i-L3xa4PzidHuAHvJt-gPTG0y8yFqb1fOrtgfXMMsKRnGZb9ujC8_c7J5-AwAA__-lIF7K	kijiji:1734581885	2026-07-23	rejected	Newsletter tracking link, same waterfront LaSalle listing 19, H8R 2M8 wrong prefix
https://email.search.kijiji.ca/c/eJxEjkGOqzAQBU_T7EB2t2PDwosvIaR_CtSxO8EZnCAwcP3RTCKN3u5VLSp6ja0YrMRr15oWlXKXavKanTPXrqNAV-uss1G1okLXWsv2cnNV8qjQKoekL6g1NUabru2uEl28aRsEjNqE1zA1X-mRHqkJXM1-KmXZgP4BDoDDeZ5_FHA46iPJWUcpnOatmUqegQaO_yNQrx0ZUj8DtHvJY5aY9gzUS-Y0f87tta9BgPqND4n1O-HDAueF0_0J1Of7-CuMb2HkWdZSrZ6XUp9cwiQrGMXbdN-fTXjl6vD4HQAA__8kkV5H	kijiji:1734581885	2026-07-23	rejected	Newsletter tracking link, same waterfront LaSalle listing at 1495 dollars, H8R 2M8 wrong prefix
https://email.search.kijiji.ca/c/eJxEzkFugzAQheHTDDsQnjGYLLyohJB6CjSxJ7FTnCBs4PqVmkjdvv9bPG8VDqKxEqvMoAdsW9NVwZIb0CB16PW1u6EhzYS-p-F6MTdBX0WLLfatQVIdKkWNVvoyXK7ijb-p3gnoNgtvLjQ_8REfsXFcLTaUsmagL8AJcDrP878CTkd9RDlrL4XjkptQ0gI0sf_2QKMypKlTSiFgv5c0J_FxT0CjJI7LZ8yvfXMCNGY-xNfvC5_mOK0c70-gMd3nPzC_wcyLbKXaLK-lPrm4IBvolnO478_GvVJ1WPwNAAD__zquXmQ	kijiji:1734351112	2026-07-23	rejected	Newsletter tracking link, same waterfront LaSalle listing, 875 sqft under 900
https://email.search.kijiji.ca/c/eJxEzsGKrDAQheGnKXdKqpLWuMjiggj3KaRMatr0mG4xUV9_YLphtuf_Fic4JCuGKnHYWWNJqe5WLc7OyliPMzIHuaG1PIumwMxzoH5WVXSkqFUdabwRom4Mmt72s4QufGHrBYzKwrtfmu_4iI_YeK5Wt5SyZdD_gEag8bquvwo0nvUZ5aqDFI5rbpaSVtAjh_8B9ICdUX2rUXdA7VHSlCTEI4EeJHFcP2N-HbsX0EPmU0L9vvBpntPG8f4EPaT79AumN5h4lb1Uu-Ot1BcXv8gORnFe7sez8a9UnY5-AgAA__93j1-g	kijiji:1740963137	2026-07-23	rejected	Newsletter tracking link, same Spacious 2 bedrooms near Monk listing, H4E 3R4 wrong prefix
https://email.search.kijiji.ca/c/eJxEzsGKrDAQheGnKXdKUokxLrK4IMJ9CqmpVLfpMd2iUV9_YLphtuf_FicGjV4sVhJ0561Hpbq2mkP0LNxr1v7GfYvOK6sILXcsreq9q1JAhU51aHSLWpvGatv7_ktiF2_asYBVu9DGc_OdHumRGqZqCXMp6w7mH-AIOF7X9VcBx7M-k1x1lEJp2Zu55AXMSPF_BDPozqreoXMtoDtKnrLEdGQwg2RKy2fcX8fGAmbY6ZRYvy98GlNeKd2fYIZ8n37B9AYTLbKVagu0lvqiwrNsYBXt8_14NvzK1RnwJwAA__-I0V6t	kijiji:1740734510	2026-07-23	rejected	Newsletter tracking link, same Spacious 5 Duplex Backyard Garage listing, H8N 1N5 wrong prefix
https://email.search.kijiji.ca/c/eJxEzkFugzAQheHTmB3IM-NgvPCiEkLqKdBgT4JTnERg4PqVmkjdvv9bvOgBOzFYiQfbmQ61tpdq9m4isBrcZIwDuTohzeiMI5yiQUtV8qix1RYJLghAjQHjOjdJtPEKbRBl9Ca8hrn5Sfd0T03gavFzKa9N0ZfCQeFwnud_VTgc9ZHkrKMUTsvWzCUvigaO31FRD9Zo1-oWQGG7lzxmiWnPinrJnJbPuD33NYiifuNDYv2-8GmB84vT7aGoz7fxD4xvMPIia6lWz69Sn1zCLKsymrf5tj-a8MzV4fE3AAD__-CSXgk	kijiji:1740960611	2026-07-23	rejected	Newsletter tracking link, same Metro Jolicoeur sous-louer listing, H4E 1P5 wrong prefix
https://email.search.kijiji.ca/c/eJxEzkFugzAQheHTDDuQmTE2WXhRCSH1FGhiD8EpTiJs4PqVmkjdvv9bvOBa7EVjJa61ve5RkdbV4vQcZkHqOzTdRXmLpkeylsnQFS-GquhQoVEWqe2w07q5dteLsZalC17mdgatsvDml-Yn3uM9Np6r1S2lvDLQF-AIOJ7n-V8Bx6M-opx1kMJxzc1S0go0cvgOQENrtTJK9aQAzV7SlCTEPQENkjiunzE_980L0JD5kFC_L3ya5_TieHsADek2_YHpDSZeZSvV5vhV6pOLX2QDrTgvt_3R-GeqDoe_AQAA__8Wsl5D	kijiji:1736592916	2026-07-23	rejected	Newsletter tracking link, same Wow Renover Appartement Verdun listing, H4G 1V2 wrong prefix
https://email.search.kijiji.ca/c/eJxEzkFugzAQheHTmB3IHg84LLyohJB6CjR4huAUJwgMXL9SE6nb93-Lx97ATRAK8cbd8AbaIhazd2MLGgBG5galnYR5YssGJwMTUFtEDxoa7cCaGmrEaqzHtnGOpOYgk5kU6l1oC3P1Ex_xEatAxeLnnNdd2S8FvYL-uq7_qqA_yzPKVbJkistezTktyvbE36xsZxzq1hk0qKA5chqScDySsp0kistn3F_HFkTZbqdTuHxf-LRAaaV4fyrbpfvwB4Y3GGiRLRebpzWXF-Uwy6ZQ0z7fj2cVXqk4PfwGAAD__4ZrX7s	kijiji:1740661096	2026-07-23	rejected	Newsletter tracking link, same Verdun superbe 4 1er etage listing, 850 sqft under 900
https://email.search.kijiji.ca/c/eJxEzsGOgyAQxvGnGW8aHFD0wGETY7JPYaYwFLrSGkF9_U22Tfb6_X-Hz5kWB1ZYsWn1oAYUUqkqGIta-n60hF536PnWW-2QnfPkve1FFQ0K7IVG2XbYKdXcutvYa03cOcu-9aBEZtptaH7iIz5iY6laTShlyyC_AGfA-bqu_wo4n_UZ-aodF4prbkJJK8iZ3LcDObVaiVGLEQfA_ihpSezikUBOnCiunzG_jt0yyCnTya5-X_g0S2mjeH-CnNJ9-QPLGyy08l6q3dBW6ouKDbyDEpTD_Xg29pWq0-BvAAAA__8kRGBe	kijiji:1740916452	2026-07-23	rejected	Newsletter tracking link, same Clean Bright Le Sud-Ouest listing, 750 sqft under 900
https://email.search.kijiji.ca/c/eJxEzsGOgyAQxvGnGW8aGEDogcMmxmSfwkxhrHSlbQT19TfZNtnr9_8dvuglOtbYsJfWaYdCad0sXlyjdRb7mTVHxU7GGW0wWsXLfCFHTfIosBcWlTRotO6u5nrprSU2MfAsZ9CiMG1h6X7SPd1TF6hZ_VLrq4D6AhwBx_M8_yvgeLRH4rONXCmtpVtqXkGNFL8jqEFaJYx10hnAfq95yhzTnkENnCmtn3F_HltgkP1OJ8f6feHTAuUXpdsDZJ9v4x8Y32CklbdSbZ5epb6ohIU3UIL25XY8mvDM1enxNwAA__9v_F-n	kijiji:1730578185	2026-07-23	accepted	Newsletter tracking link (kijiji-2), duplicate of existing accepted row (4.5 Style Condo Semi-Meuble 1550$)
https://email.search.kijiji.ca/c/eJxEzk1ugzAQxfHTDDuQGX-y8KISQuop0GAPwSlOIjBw_UpNpG7f_7d40bfoWGHFvrVOORRSqWrx1mhtRNepaCZHkyWN8zwZ1QkhWie7KnkUaIRF2WrUSjWTnjpjLbGOged2BiV2pi0szU-6p3tqAlWrX0p57SC_AAfA4bqu_wo4nPWZ-KojF0rr3iwlryAHit8RZN9aJTrjnBSA5ih5zBzTkUH2nCmtn3F_HltgkP1OJ8f6feHTAuUXpdsDZJ9v4x8Y32CklbdSbZ5epb6ohIU3UIL25XY8mvDM1enxNwAA__9H816C	kijiji:1740968830	2026-07-23	rejected	Newsletter tracking link, same Appartement 5 1/2 a louer a Verdun listing, H4G 1B5 wrong prefix
https://email.search.kijiji.ca/c/eJxEzkFugzAQheHTDDuQGQ_GLLyohJB6CjTYk-AUJwgMXL9SE6nb93-LF1yNVggLcXVryaLSRMXsDHkW6VCUNZrwZlUzdZOxdvLeoO2K6FChUS3qusGGqJqaqTNty9IEL7f6BqR24c3P1U98xEesPBeLm3Ned9BfgAPgcF3XfwUczvKMcpVBMsdlr-acFtADh-8Auq9bUp0hUhrQHDmNSUI8EuheEsflM-6vY_MCut_5lFC-L3ya57RyvD9B9-k-_oHxDUZeZMvF5njN5cXZz7IBKd7n-_Gs_CsVp8PfAAAA___fTF8R	kijiji:1740964403	2026-07-23	rejected	Newsletter tracking link (kijiji-2), same Disponible 1 October Verdun listing, 810 sqft under 900
https://email.search.kijiji.ca/c/eJxEzsGOgyAQxvGnGW8aHED0wGETY7JPYUYYC11pG0F9_U22Tfb6_X-Hz9sWe1ZYsW1Nr3oUUqkq2N5o7hZceUBc-rXXTpORwhujBzRDV0WLAjthULYatVLNopehM4ZYe8dru4ISmWl3ofmJ93iPjaNqs6GUVwb5BTgBTtd1_VfA6azPyFftuVDcchNK2kBO5L89yLE1SgydbKUB7I6S5sQ-HgnkyIni9hnz89gdgxwznezr94VPc5ReFG8PkGO6zX9gfoOZNt5LtVt6lfqi4gLvoATlcDsejXum6rT4GwAA__-Ph17B	kijiji:1740963137	2026-07-23	rejected	Newsletter tracking link (kijiji-2), same Spacious 2 bedrooms near Monk listing, H4E 3R4 wrong prefix
https://email.search.kijiji.ca/c/eJxEzkFugzAQheHTDDsQHo9tsvCiEkLqKdDEHoJTnERg4PqVmkjdvv9bvOgVdkJYiVeuow5bTVTNfiJFykSLrSGxlrpgbIg4WYOOLF-q5LFF2zrUyqAhaq7merHOsZgYZFITULsJr2FuftI93VMTuFr8XMprA_0FOAAO53n-V8DhqI8kZx2lcFq2Zi55AT1w_I6ge-W0s-pinQG0e8ljlpj2DLqXzGn5jNtzX4OA7jc-JNbvC58WOL843R6g-3wb_8D4BiMvspZq9fwq9cklzLICtbzNt_3RhGeuDo-_AQAA__9FWV6F	kijiji:1737619675	2026-07-23	rejected	Newsletter tracking link, same Verdun 4 Metro LaSalle de l Eglise listing, H4G 3C5 wrong prefix
https://w3dwmzr.r.ca-central-1.awstrack.me/L0/https:%2F%2Fduproprio.com%2Fen%2F1138459%3Futm_source=alerts%26utm_medium=email%26utm_campaign=qc-en-property%26utm_content=lien-propriete-1/1/010d019f92b20646-86115f6a-29f2-4af1-a86f-b3ecb8bb47ba-000000/6z-FrAesJZ657MYS6X7QmsMmAyg=258	duproprio:1138459	2026-07-24	rejected	Detail page confirms 825 sqft living area, under 900 sqft minimum
https://email.search.kijiji.ca/c/eJxEzkFugzAQheHTDDuQPR5wWHhRCSH1FGiwJ8EpTiJs4PqVmkjdvv9bvOA0XoSwEqfthXrV2dZWi8O5MzQHLRY9YU-t0oZUsL7rW6NVX0WHCjtlkXSrW7TNrK_2OpPicLla3xKQysKbX5qfeI_32HiuVreU8spgvgBHwPE8z_8KOB71EeWsgxSOa26WklYwI4fvAGbQlrRCRDSA3V7SlCTEPYEZJHFcP2N-7psXMEPmQ0L9vvBpntOL4-0BZki36Q9MbzDxKlupNsevUp9c_CIbkOK83PZH45-pOhz-BgAA___cU137	kijiji:1741022223	2026-07-24	rejected	Detail page rental location Av. 6e, Montreal H4G 2Z9 wrong postal prefix (also 800 sqft under 900)
https://email.search.kijiji.ca/c/eJxEzsGKrDAQheGniTslqVS6vIssLogwTyFlUrbpMd2iUV9_YLphtuf_Fid6A60gVOINtfhP38hRNXtkhIkMWafHgKQJtY6IoxawSMFVyYOGmyZA44wDakYz0TSi5thOFBwq1LvwFubmOz3SIzWBq8XPpay7sv8V9Ar667r-qoL-rM8kVx2lcFr2Zi55Ubbn-BWV7QxZ7ag1rVNwO0oessR0ZGU7yZyWz7i_ji2Ist3Op8T6feHTAueV0_2pbJfvwy8Y3mDgRbZSbZ7XUl9cwiybQs37fD-eTXjl6vTwEwAA__8HPV42	kijiji:1730578185	2026-07-24	accepted	Newsletter tracking link (kijiji-1), duplicate of existing accepted row (4.5 Style Condo Semi-Meuble 1550$)
https://email.search.kijiji.ca/c/eJxEzk1ugzAQxfHTDDuQZ2xssvCiEkLqKdDgj-AUJwgMXL9SE6nb9_8tnrdIXVBUBYumUzehTWuq2WqB7tZyjJN2kjoztQKjRCGdiOiNr5IlQVoYUthiS6aZMJo4KcG-i8a1CpTYA29ubn7SIz1S47ha7FzKuoP8AhqAhuu6_ivQcNZnClftQ-G07M1c8gJyYP_tQfZo5E0bVBqB9FHymINPRwbZh8xp-Yz769hcANnvfAZfvy98muO8cro_Qfb5Pv6B8Q1GXsJWqs3yWuqLi5vDBkrwPt-PZ-NeuTot_QYAAP__zmde-g	kijiji:1739671461	2026-07-24	rejected	Detail page address 5795 Boulevard Monk, Montreal H4E 3H2 wrong postal prefix
https://email.search.kijiji.ca/c/eJxEzsGOgyAQxvGnGW8aGEDwwGETY7JPYaYwVrrSGkV9_U22Tfb6_X-HL3qJjjVW7KV1uhOtNbaafWgdRmckM01GUEeqsxM64bSd2hu3VfIosBUWtTTSoG1ucrLTTQuKbrLBaNBiZ9rC3PykR3qkJlC1-LmUdQf1BTgADtd1_VfA4azPxFcduVBa9mYueQE1UPyOoHpplRGoOmcB26PkMXNMRwbVc6a0fMb9dWyBQfU7nRzr94VPC5RXSvcnqD7fxz8wvsFIC2-l2jytpb6ohJk30IL2-X48m_DK1enxNwAA___zzF8d	kijiji:1735023987	2026-07-24	rejected	Detail page address 520 rue de Gaspe, Verdun H3E 1G1 wrong postal prefix
https://email.search.kijiji.ca/c/eJxEzsGOgyAQxvGnGW8aGEDsgcMmxmSfwowwVLrSGkV9_U22Tfb6_X-HLziJHWus2Enb6ZtorbHV7CYiFU2cppuXwkijOo1BdRQ7tlGIUCWHAlthUUsjDdpmktHGSQsKXbTeaNBiZ9r83PykR3qkxlO1uLmUdQf1BTgADtd1_VfA4azPxFcduFBa9mYueQE1UPgOoHpptRQSsW0B26PkMXNIRwbVc6a0fMb9dWyeQfU7nRzq94VP85RXSvcnqD7fxz8wvsFIC2-l2hytpb6o-Jk30IL2-X48G__K1enwNwAA__81Rl9S	kijiji:1741012266	2026-07-24	rejected	Card confirms Ville-Emard neighbourhood (About Ville-Emard section), outside H4H/H8P; no house number given to geocode
https://email.search.kijiji.ca/c/eJxEzsGOgyAQxvGnwZsGBnT0wGETY7JPYQYYK11pG0F9_U22Tfb6_X-HL1gFPRuo2CrszSA7bLFarZIkXdsN6LRfEBVCO6jeoHM0GOO4ihYkdBLBqFa1gI1TCy7OSAr9gr41wsjMtPu1-Yn3eI-Np2qzaymvLPSXgEnAdF3XfxUwnfUZ-aoDF4pbbtaSNqEnCt9B6FF1PWBnjBwEdEdJc-IQjyT0yIni9hnz89g9Cz1mOjnU7wuf5im9KN4eQo_pNv-B-Q1m2ngv1W7pVeqLil95F0ZSXm_Ho_HPVJ0WfgMAAP__fJFerg	kijiji:1682764409	2026-07-24	rejected	Newsletter tracking link (kijiji-1), duplicate of existing rejected Vida condos LaSalle (H8N 0H2 wrong postal prefix)
https://email.search.kijiji.ca/c/eJxEzsGOgyAQxvGnGW8aGEDKgcMmxmSfwkwHqHSlbRT19TfZNtnr9_8dvuAlXqLGJnppL9qJ3hrbzL5n1lqySI6SMSapa7KcnHOWWCjGJnsU2AuLWhpp0HZXmWy6akHhkiwbDVpskVaeu598z_fcMTWLn2t9baC-AEfA8TzP_wo4Hu2R49mGWCkvWzfXsoAaKXwHUIO0WjinbW8A-72WqcSQ9wJqiIXy8hm3575yBDVsdMTQvi98GlN5Ub49QA3lNv2B6Q0mWuJam9XTq7YnVZ7jClrQNt_2R8fP0hwefwMAAP__T3pfew	kijiji:1740994765	2026-07-24	rejected	Detail page address Verdun, QC H4G 2S2 wrong postal prefix
https://email.search.kijiji.ca/c/eJxEzsGOgyAQxvGnwZsGBnTogcMmxmSfwowwVrrSGkF9_U22Tfb6_X-HLzgFlg1U7BRac5MdtlgtDi2z0gCd9f5mb0pO1iituimgnzG0VXQgoZMIRrWqBWwmNeM8GUnBzuhbI4zMTLtfmp_4iI_YeKpWt5SyZaG_BAwChuu6_quA4azPyFcduFBcc7OUtAo9UPgOQvcKtTUasO0EdEdJY-IQjyR0z4ni-hnz69g9C91nOjnU7wuf5iltFO9Poft0H__A-AYjrbyXane0lfqi4hfehZGUl_vxbPwrVaeD3wAAAP__h3leuA	kijiji:1738432756	2026-07-24	rejected	Detail page address Verdun, QC H4G 2P4 wrong postal prefix
https://email.search.kijiji.ca/c/eJxEzsGOgyAQxvGnwZtmGAbFA4dNjMk-hRmBVrrSGkF9_U22Tfb6_X-Hz1uJJhBWwcrOUA9tr1W1WGACfyOGmUHP1PcEHfibcdR2Rpm5ihYBW-iQpMZeqobYuV6xlvomZ48kCHLg3S3NT3zER2wcV6tdStmyUF8CR4HjdV3_VeB41mcMV-1D4bjmZilpFWpk_-2FGmSnQHdGGi2wPUqaUvDxSEINIXFcP2N-HbsLQg2Zz-Dr94VPc5w2jvenUEO6T39geoOJ17CXare8lfri4pawCwLOy_14Nu6VqtPibwAAAP__c6pelA	kijiji:1730578185	2026-07-24	accepted	Newsletter tracking link (kijiji-2), duplicate of existing accepted row (4.5 Style Condo Semi-Meuble 1550$)
https://email.search.kijiji.ca/c/eJxEzk1ugzAQxfHTDDsQnjEfXnhRCSH1FGiwJ8EpThA2cP1KTaRu3_-3eN4q7EVjIVZ1vTZ1axoqFjsT3VSvdM9Ije7MrWNP3M9a-mY2LRbBYo1t3aFWDRpFlWbnDHGjmpuaPWrQdRLe3VL9hEd4hMpxsdol5y0BfQGOgON1Xf8VcDzLM8hVeskc1lQtOa5AI_tvDzSojkzbKd0qwPbIcYriwxGBBokc1s-YXsfuBGhIfIov3xc-zXHcONyfQEO8T39geoOJV9lzsVvecnlxdovsoGtOy_14Vu4Vi9PibwAAAP__UH9edg	kijiji:1739671461	2026-07-24	rejected	Newsletter tracking link (kijiji-2), duplicate of this run's own reject (5795 Boulevard Monk H4E 3H2)
https://email.search.kijiji.ca/c/eJxEzkFugzAQheHTDDuQPWMwLLyohJB6CjTYk-AUJwgMXL9SE6nb93-LF5zGVgwW4rRtTaearqZidu0N_WSxniZlG4ua66mlRrwlZI0Wi-hQYaMsGl1jp6ky7H1HXOv6pqeABozahTc_Vz_xER-x8lwsbs553YG-AAfA4bqu_wo4nOUZ5SqDZI7LXs05LUADh-8A1GtrtNIttgTYHDmNSUI8ElAviePyGffXsXkB6nc-JZTvC5_mOa0c70-gPt3HPzC-wciLbLnYHK-5vDj7WTYwivf5fjwr_0rF6fA3AAD__z3qXlg	kijiji:1741018283	2026-07-24	rejected	Detail page address Lasalle, QC H8R 2X2 wrong postal prefix
https://email.search.kijiji.ca/c/eJxEzsGOgyAQxvGnGW8aGEDlwGETY7JPYaYwLXSlbQT19TfZNtnr9_8dvuAkjqyxYSeHUVvRW6Oa6EaLXpH2chQBB28vF0Ohvwqt5NVwH5rkUGAvBtTSoJWq0-S9VWSkucpLQA1aFKbNx-4n3dM9dZ6a1cVaXwXUF-AMOJ_n-V8B56M9Ep9t4EppLV2seQU1U_gOoCY5aCnkgMYA9nvNS-aQ9gxq4kxp_YzluW-eQU2FDg7t-8KnecovSrcHqCnflj-wvMFCK2-12Ry9antS9ZE30IJKvO2Pzj9zczj8DQAA___OF17t	kijiji:1741017255	2026-07-24	rejected	Detail page address Rue Marie-Claire, Montreal H8N 1R9 wrong postal prefix
https://email.search.kijiji.ca/c/eJxEzsGOgyAQxvGnwZtGZkDhwGETY7JPYUaYVrrSGkF9_U22Tfb6_X-HLzgJhhVU7GRvlG07q7FaHBNpVL2dZyOpD1KZ-YbG9oFCd2utqqKDFrq2ByU1WImNIu8tkpb6JucASqg2M-1-aX7iIz5i46la3VLKlgV-CRgFjNd1_VcB41mfka86cKG45mYpaRU4UvgOAgfZo9JGGqMFdEdJU-IQjyRw4ERx_Yz5deyeBQ6ZTg71-8KneUobxftT4JDu0x-Y3mCilfdS7Y62Ul9U_MK7UC3l5X48G_9K1engNwAA___rjV8N	kijiji:1734581885	2026-07-24	rejected	Newsletter tracking link (kijiji-2), duplicate of existing rejected 9369 Boulevard LaSalle (H8R 2M8 wrong postal prefix)
https://email.search.kijiji.ca/c/eJxEzkFugzAQheHTDDuQZ2xMWHhRCSH1FGhiD8EpTiJs4PqVmkjdvv9bvOCQLmKoEofdxfTK9q2uFtdrpb1YZdVFQotoZz9z35mraWlGVlV0pMiqjgy21KNuDHvfa26xnfEayIBRWXjzS_MT7_EeG8_V6pZSXhn0F9AINJ7n-V-BxqM-opx1kMJxzc1S0gp65PAdQA_YGVRIZC2Q3UuakoS4J9CDJI7rZ8zPffMCesh8SKjfFz7Nc3pxvD1AD-k2_YHpDSZeZSvV5vhV6pOLX2QDozgvt_3R-GeqDke_AQAA__9mmF6F	kijiji:1741012266	2026-07-24	rejected	Newsletter tracking link (kijiji-2), duplicate of this run's own reject (Rue Mazarin, Ville-Emard)
https://email.search.kijiji.ca/c/eJxEzsGOgyAQxvGnGW8aGEDLgcMmxmSfwkxhLHSlbQT19TfZNtnr9_8dvuAkXlhjw04OF21Fb41qorPWSHMR1i99kIH0IpaB7XUJlq28atEkhwJ7MaCWBq1UnSbvrSIjzSKvATVoUZg2H7ufdE_31HlqVhdrfRVQX4AT4HSe538FnI72SHy2gSultXSx5hXUROE7gBrloIXSdjASsN9rnjOHtGdQI2dK62csz33zDGosdHBo3xc-zVN-Ubo9QI35Nv-B-Q1mWnmrzeboVduTqo-8gRZU4m1_dP6Zm8PhbwAAAP__57RfDA	kijiji:1740349751	2026-07-24	rejected	Newsletter tracking link (kijiji-2), duplicate of existing rejected 4.5 Condo LaSalle Montreal-9431 (800 sqft on card)
https://email.search.kijiji.ca/c/eJxEzk1ugzAQxfHTmB3IM2O-Fl5UQkg9BRrsSXCKE4QNXL9SE6nb9_8tnreAnRgsxELbmV43fU3FYhm1N3Nza1voxblZoPPsmGBGJNFdESxqbHSLBmrsgSrDzvXENdQ3mD0aZXQS3t1S_YRHeITKcbHaJectKfpSOCocr-v6rwrHszyDXKWXzGFN1ZLjqmhk_-0VDdAStF0DNSpsjhynKD4cUdEgkcP6GdPr2J0oGhKf4sv3hU9zHDcO96eiId6nPzC9wcSr7LnYLW-5vDi7RXZlNKflfjwr94rFafE3AAD__ymBX0U	kijiji:1731786152	2026-07-24	rejected	Newsletter tracking link (kijiji-2), duplicate of existing rejected Promo 4.5 Appartement LaSalle Communaute Univert (H8R 0C9 wrong postal prefix)
https://clicks.zumper.com/f/a/FvLtzCYAgBACr9N-DGPMWg~~/AAPDZhA~/AacUbrWxUF4HYn3t8KqU41WOxfwgQOKRul3IVb5x5wl8RqeeJPUB0r545lCz_5thZOK0aXObwgi2XHDc8GyXmtA1D0f4ODW3-tF67Eq66Rjbw8_nNcDO7Midzyh8AB17qEjsvqml5iREHfGIp5bcCaDxjG9MH6GFNhXofZYcS-SAJR6NAGFoFi_9N5K6gfRIiPttZQixPPkAm5ZKjtpS81zfB4IlVyALsc-WcpltxYrsClRS7nzHKrSfV6AZrD4BjTAaw4xS-rXpIW1V4puWBUPoa8wG_NU0WdvYeAl39ILMHesbjwwmWR1yiFy0evAmU4ntkVIYmNme5Wt7fx87I2QDzWOK07UPRd-1XSKdEqnsG9qcd-6H1oGiaqxjgBKtSUdp8OeaY33PyHYzgqrivQ~~	https://www.zumper.com/address/6409-rue-dumas-montreal-qc-h4e-2z8-can	2026-07-24	rejected	Newsletter tracking link (zumper-1), detail page confirms 6409 Rue Dumas H4E 2Z8 wrong postal prefix
https://clicks.zumper.com/f/a/ORSnxN3ngiHBuOTIr79xSw~~/AAPDZhA~/AacUbrWxUF4HYn3t8KqU41WOxfwgQOKRul3IVb5x5wnIWrlwJGrdf-Kimooi_DVYLK4kpWJ4mwJcJYLJAbE3ZA_qDSWexW7_cM1v2WqLHhUJ8B1prig47Fn8EyZkyEK8qkvUWIjW0Y6T8vofPrrnD0ZvDTF1Y2pgzbgJaZzdz6x1a54P3NZhhaVTnFrBDvzT2hSpS99edHMLmxD-0D5vQNuqT1btuIcueK5SAUzez063mDzEcb86svBNM-vE26upLyO0hfQBBP5y7zhx4piWAb1Fqy_vxYq8uQ3yw3soUnjYsOVdVcv5XET6AuNE7uFUpk3yTGLDMPUQ_jVhC6NZVyXK_0UgMd7BDB7pk6vBqf1UBNaJ6TyPgMDsYBu--68vwaHglmZcwP5K4C60o7zpeQ~~	https://www.zumper.com/address/6220-rue-hamilton-montreal-qc-h4e-3c4-can	2026-07-24	rejected	Newsletter tracking link (zumper-1), detail page confirms 6220 Rue Hamilton #7 H4E 3C4 wrong postal prefix, also 700 sqft under 900
https://www.kijiji.ca/v-apartments-condos/ville-de-montreal/5-1-2-duplex-for-rent/1741033499	kijiji:1741033499	2026-07-24	rejected	Detail page address Lasalle, QC H8R 2K9 wrong postal prefix
https://www.kijiji.ca/v-apartments-condos/ville-de-montreal/ville-lasalle-4-5-enhaut-tranquille-aug-ou-sept/1741036365	kijiji:1741036365	2026-07-24	rejected	Detail page address Lasalle, QC H8N 1K4 wrong postal prefix (recurring listing at this address)
https://www.kijiji.ca/v-apartments-condos/ville-de-montreal/4-et-1-2-disponible-a-lasalle-montreal/1741039491	kijiji:1741039491	2026-07-24	rejected	Card-level reject: description gives 9534 rue Centrale, QC H8R 2K3 wrong postal prefix, also 800 sqft on card
https://www.kijiji.ca/v-apartments-condos/ville-de-montreal/grand-4-1-2-a-louer-a-lasalle/1741040340	kijiji:1741040340	2026-07-24	rejected	Card-level reject: 700 sqft on card
https://www.kijiji.ca/v-apartments-condos/ville-de-montreal/5-lumineux-a-verdun-4-chambres-pres-metro-de-leglise-ru/1741035694	kijiji:1741035694	2026-07-24	rejected	Detail page address Verdun, QC H4G 1R5 wrong postal prefix
https://www.kijiji.ca/v-apartments-condos/ville-de-montreal/appartement-5-1-2-a-verdun/1741037288	kijiji:1741037288	2026-07-24	rejected	Detail page address Verdun, QC H4G 1C8 wrong postal prefix
https://www.zumper.com/address/6755-rue-beaulac-brossard-qc-j4z-1s3-can	https://www.zumper.com/address/6755-rue-beaulac-brossard-qc-j4z-1s3-can	2026-07-24	rejected	Card-level reject: Brossard QC J4Z 1S3, wrong city/postal prefix
https://www.zumper.com/listings/64929984/3-bedroom-verdun-centre-montreal-qc	https://www.zumper.com/listings/64929984/3-bedroom-verdun-centre-montreal-qc	2026-07-24	rejected	Card-level reject: 869 Avenue 6e, Montreal H4G 3A3 wrong postal prefix
https://www.facebook.com/marketplace/item/1006899582112415/	facebook:906781635089342	2026-07-24	accepted	Duplicate of existing accepted 5912 Rue de Verdun H4H 1M4 row (same address, same price range)
https://w3dwmzr.r.ca-central-1.awstrack.me/L0/https:%2F%2Fduproprio.com%2Fen%2F1138429%3Futm_source=alerts%26utm_medium=email%26utm_campaign=qc-en-property%26utm_content=lien-propriete-1/1/010d019f97d0951f-983d1121-5476-4342-9b85-1efcb03a7ee7-000000/XXwnhABiIEFqsj1Q3qtj5zoDepc=258	duproprio:1138429	2026-07-25	rejected	5953 rue Hamilton geocodes to H4E 3E7 (Ville-Emard/Le Sud-Ouest), not LaSalle, wrong postal prefix
https://email.search.kijiji.ca/c/eJxEzsGOrCAQheGnwZ0GChBcsLiJMblPYcqipqVHujuC-vqTTHcy2_N_ixODAs8GGg7KeTMMYMA2a-DefS2OlbE8SAKJzkNPSnlJVhvlmxRAQi8dWGWVNqaLPDgekFAuw0ILCSML405r953u6Z46wmYLa62vIvQ_AZOA6bquvypgOtsz8dVGrpi20q01b0JPGP9HoUfltLTOK28F9EfNc-aYjiz0yBnT9hnL89iJhR4Lnhzb94VPI8wvTLeH0GO-zb9gfoMZN95rswd81fbCSivvwkgs6-14dPTMzRngJwAA___FlV8C	kijiji:1730578185	2026-07-25	accepted	Newsletter tracking link (kijiji-1), duplicate of existing accepted row (4.5 Style Condo Semi-Meuble 1550$)
https://email.search.kijiji.ca/c/eJxEzsGOgyAQxvGnwZsGBpBy4LCJMdmnMOMwVrrSGkV9_U22Tfb6_X-HLwYFNzZQcVDuZrwHA7aag7S29RNMbesmUiM4O5ExSNqjZH2jKgWQ0EoHVlmljWkie8ceCeXoRxpJGLkzbjQ3P-mRHqkhrJYwl7LuQn8J6AX013X9VwH9WZ-JrzpywbTszVzyInSP8TsK3SmnrfReOSegPUoeMsd0ZKE7zpiWz7i_jo1Y6G7Hk2P9vvBphHnFdH8K3eX78AeGNxhw4a1UW8C11BcWmnkTRuI-349nQ69cnQF-AwAA__9V-F-f	kijiji:1735099177	2026-07-25	accepted	Newsletter tracking link (kijiji-1) resolved via proxy redirect to new ad 1735099177, added as new accepted row (5749 Rue de Verdun H4H 1L7)
https://email.search.kijiji.ca/c/eJxEzkFugzAQheHTDDuQPTYQL7yohJB6CjSMJ8EpTiJs4PqVmkjdvv9bvOA1XsRiJV73F-scWmyrxbPBntEGxu4yGxFUuiPqrkoF19r2WkWPCjvVY6tbbaxtgrheHDGp2c08M1iVhTZemp94j_fYMFWrX0p5ZTBfgCPgeJ7nfwUcj_qIctZBCsU1N0tJK5iRwncAM-jeatU6YxRgt5c0JQlxT2AGSRTXz5if-8YCZsh0SKjfFz6NKb0o3h5ghnSb_sD0BhOtspVq8_Qq9UmFF9nAKsrLbX80_EzV4fE3AAD__0C_X3w	kijiji:1741059330	2026-07-25	rejected	Matches new Kijiji search-page ad 1741059330 (same title, same $1,760 price), 700 sqft under 900 sqft minimum
https://email.search.kijiji.ca/c/eJxEzsGKrDAQheGnKXdKUimNWWRxQYT7FFImNW16THejUV9_YLphtuf_Fid6jb0QVuK17ck5JGyrxVvdWUQdu9hF5RQZR7N89bqPlrS2fZU8KuyUxVa32hA1UZwVx4HV7OYwByC1C29hab7TPd1TE7ha_VLKawfzD3AEHK_r-quA41mfSa46SuG07s1S8gpm5Pg_ghm0JWXI2VYDdkfJU5aYjgxmkMxp_Yz789iCgBl2PiXW7wufFji_ON0eYIZ8m37B9AYTr7KVavP8KvXFJSyyASnel9vxaMIzV6fHnwAAAP__Zgleqw	kijiji:1740349751	2026-07-25	rejected	Newsletter tracking link (kijiji-1), duplicate of existing rejected ad (800 sqft on card)
https://email.search.kijiji.ca/c/eJxEzsGOgyAQxvGnGW8aGKjIgcMmxmSfwgwwqXSlNYL6-ptsm-z1-_8OX3QSB9bYsJNm0NaixluzOBmssb1nL9QgtVEktPFRBo629-S5SQ4F9sLgTd6k0rqLbA1bCiS89cEH0KIw7WHpftIjPVIXqFndUutWQH0BToDTdV3_FXA62zPx1UaulNbSLTWvoCaK3xHUKPsBTa-1sID9UfOcOaYjgxo5U1o_Y3kde2BQY6GTY_u-8GmB8kbp_gQ15vv8B-Y3mGnlvTa7o622F9Ww8A5aUFnux7MLr9ycDn8DAAD__6diX_I	kijiji:vida-1011-blvd-shevchenko	2026-07-25	rejected	Newsletter tracking link (kijiji-1), duplicate of recurring MTL-Vida complex, H8N 0H2 wrong postal prefix
https://email.search.kijiji.ca/c/eJxEzk1ugzAQxfHTDDsQnjFfCy8qIaSeAg3jSXCKEwQGrl-pidTt-_8WzzuDrVrM1JmmtV2HFqtsdmSkxZrL242RsDJGrNRUM_GtmppJs-CwxLpssDKVIWsLr12jHQuXUzfJJGDLXXmTufgJj_AIhXC2uDmldQf6AhwAh-u6_ivgcOZn0Cv3mjgsezGnuAAN7L89UG8aMk1bmwoB6yPFMaoPRwTqNXJYPuP-OjZRoH7nU33-vvBpwnHlcH8C9fE-_oHxDUZedEvZ5nhN-cVJZt3AlrzP9-NZyCtmp8PfAAAA__9kRl-q	kijiji:1731786152	2026-07-25	rejected	Newsletter tracking link (kijiji-1), duplicate of existing rejected Univert LaSalle complex (H8R 0C9 wrong postal prefix)
https://email.search.kijiji.ca/c/eJxEzsGOrCAQheGnKXcaKFBgweImxuQ-hamGmpYe6TaC-vqTTHcy2_N_ixO9RMsaG_bSWO0cauybxQ-9cWiEi04ptr0VXypKssZYoW0MrkkeBQ7CYC97qbTuIjvDjgKJm7uFWwAtCtMelu47PdIjdYGa1S-1bgXUP8AJcLqu668CTmd7Jr7ayJXSWrql5hXURPF_BDVKo6XQw-AE4HDUPGeO6cigRs6U1s9YXsceGNRY6OTYvi98WqC8Ubo_QY35Pv-C-Q1mWnmvze5pq-1FNSy8gxZUlvvx7MIrN6fHnwAAAP__dwhevg	kijiji:1741046690	2026-07-25	rejected	Matches new Kijiji search-page ad 1741046690 (same title, same $1,225 price), 640 sqft under 900 sqft minimum
https://email.search.kijiji.ca/c/eJxEzsGOgyAQxvGnwZsGhlHhwGETY7JPYUYYK11pG0F9_U22Tfb6_X-HLzgFhhEqdqo3aC0gtNXqgllQWeznThroF4XL0nrFHRoD2mhTRQcSOtlDq1qlEZvAtmdLnuRsZz97gTIz7X5tfuI93mPjqdrcWsorC_0lYBQwXtf1XwWMZ31GvurAheKWm7WkTeiRwncQelA9KqktWiWgO0qaEod4JKEHThS3z5ifx-5Z6CHTyaF-X_g0T-lF8fYQeki36Q9MbzDRxnupdkevUl9U_Mq7QEl5vR2Pxj9TdTr4DQAA__-pWl7n	kijiji:1741039491	2026-07-25	rejected	Newsletter tracking link (kijiji-1), duplicate of existing rejected ad (same title), 9534 rue Centrale H8R 2K3 wrong postal prefix, also under 900 sqft
https://email.search.kijiji.ca/c/eJxEzsGOgyAQxvGnwZsGBgQ8cNjEmOxTmOkwrXSlbQT19TfZNtnr9_8dvhgUeDbQcFDOm2EAa3yzhOuFo442WqOd93GIUiGxJWsJBuplkwJIsNJBr3rlwHf6opT2vb-SReOIhZGFcaOl-0n3dE8dYbOGpdZXEfpLwCRgOs_zvwqYjvZIfLaRK6a1dEvNq9ATxu8o9Kiclr3zyvcC7F7znDmmPQs9csa0fsby3DdioceCB8f2feHTCPML0-0h9Jhv8x-Y32DGlbfabAFftT2x0sKbMBLLctsfHT1zcwT4DQAA__8DiV8c	kijiji:1730578185	2026-07-25	accepted	Newsletter tracking link (kijiji-2), duplicate of existing accepted row (4.5 Style Condo Semi-Meuble 1550$)
https://email.search.kijiji.ca/c/eJxEzsGOgyAQxvGnwZsGZhDwwGETY7JPYUaYVrrSGkV9_U22Tfb6_X-HL3oFjjVU7JV1uuvAaFfNHmMIExlJXQDWBm_SuAgTTjaCjU5VyYMEIy20qlUWXIOTUuhadwuGtA0stNyZtjA3P-mRHqkJVC1-LmXdBX4JGAQM13X9VwHDWZ-JrzpyobTszVzyInCg-B0F9spiK7tOWSvAHCWPmWM6ssCeM6XlM-6vYwsssN_p5Fi_L3xaoLxSuj8F9vk-_oHxDUZaeCvV5mkt9UUlzLwJLWmf78ezCa9cnR5-AwAA___x_F8N	kijiji:1735099177	2026-07-25	accepted	Newsletter tracking link (kijiji-2), duplicate of new accepted ad 1735099177 (5749 Rue de Verdun H4H 1L7), same ad also found via kijiji-1 file
https://email.search.kijiji.ca/c/eJxEzsGOgyAQxvGnGW8aGFDwwGETY7JPYaYwLXSlbQT19TfZNtnr9_8dvuAkWtbYsJPG6nHEQdsmurFnIiEMXdkgSUua9dArQcLKy0XqJjkUOAiDveylQdupi5TK9vbqB9LGM2hRmDYfu590T_fUeWpWF2t9FVBfgDPgfJ7nfwUcj_ZIfLaBK6W1dLHmFdRM4TuAmqTRUvSjUgJw2GteMoe0Z1ATZ0rrZyzPffMMaip0cGjfFz7NU35Ruj1ATfm2_IHlDRZaeavN5uhV25Oqj7yBFlTibX90_pmbw-FvAAAA__94CV6O	kijiji:vida-1011-blvd-shevchenko	2026-07-25	rejected	Newsletter tracking link (kijiji-2), duplicate of recurring MTL-Vida complex, H8N 0H2 wrong postal prefix
https://email.search.kijiji.ca/c/eJxEzsGOgyAQxvGnGW8aGFDwwGETY7JPYUaYVrrSGkF9_U22Tfb6_X-HLziJljVW7KSxuu-x07ZanG8lqVYLstp4Q5ZugmlWIqi-vZl5rqJDgZ0w2MpWGrSNmqVUtrU335E2nkGLzLT7pfmJj_iIjadqdUspWwb1BTgCjtd1_VfA8azPyFcduFBcc7OUtIIaKXwHUIM0WgrdGxSA3VHSlDjEI4EaOFFcP2N-HbtnUEOmk0P9vvBpntJG8f4ENaT79AemN5ho5b1Uu6Ot1BcVv_AOWlBe7sez8a9UnQ5_AwAA___b9F77	kijiji:1741049720	2026-07-25	rejected	Matches new Kijiji Verdun search-page ad 1741049720 (same title, same $1,495 price), 800 sqft under 900 sqft minimum
https://email.search.kijiji.ca/c/eJxEzsGOgyAQxvGnGW8aGBDwwGETY7JPYaYwrXSlbQT19TfZNtnr9_8dvuglOtbYsJfW6WFAo12zeHkddIgXMwSKQUQtjDIS-9ibq5WCqUkeBRphsZe9tOg6dZFSud5dgyFtA4MWhWkLS_eT7umeukDN6pdaXwXUF-AEOJ3n-V8Bp6M9Ep9t5EppLd1S8wpqovgdQY3SaimURecAzV7znDmmPYMaOVNaP2N57ltgUGOhg2P7vvBpgfKL0u0Basy3-Q_MbzDTylttNk-v2p5Uw8IbaEFlue2PLjxzc3j8DQAA__-7LF7V	kijiji:appartement-5-1-2-a-verdun-recurring	2026-07-25	rejected	Newsletter tracking link (kijiji-2), duplicate of recurring Appartement 5 1/2 a Verdun postings, H4G wrong postal prefix
https://email.search.kijiji.ca/c/eJxEzkFugzAQheHTmB0IzxjbLLyohJB6CjQZT4JTnERg4PqVmkjdvv9bvBg0eDFQSdDOm74Ha3w1B3TAV3LXlnthYyUyWQCy6C9gNHKVArRgWwed7rQD3-BFa_Sdv7Il41iUaTehlefmJ93TPTVM1RLmUl6bwi8Fo4LxPM__qmA86iPJWUcplJatmUteFI4Uv6PCQTujW-xsbxTYveQpS0x7VjhIprR8xu25rywKh40OifX7wqcx5Rel20PhkG_TH5jeYKJF1lKtgV6lPqnwLKsyLW3zbX80_MzVEeA3AAD__-wBXwQ	kijiji:1741035694	2026-07-25	rejected	Newsletter tracking link (kijiji-2), duplicate of existing rejected ad (same title), H4G 1R5 wrong postal prefix
https://email.search.kijiji.ca/c/eJxEzsGOrCAQheGnKXcaKBBwweImxuQ-hamB6pYe6TaC-vqTTHcy2_N_ixO9RMcaG_bSOj0MaLRrFi-t0GEgEbQw1Jsooh0MCTfYwdxuGJvkUaARFnvZS4uuU19SKte7WzCkbWDQojDtYem-0yM9UheoWf1S61ZA_QOcAKfruv4q4HS2Z-KrjVwpraVbal5BTRT_R1CjtMr11konAM1R85w5piODGjlTWj9jeR17YFBjoZNj-77waYHyRun-BDXm-_wL5jeYaeW9NrunrbYX1bDwDlpQWe7Hswuv3JwefwIAAP__NONeXA	kijiji:1738577180	2026-07-25	rejected	Newsletter tracking link (kijiji-2), duplicate of existing rejected ad (same title), Ville-Emard H4E 3A1 wrong postal prefix/borough
https://www.centris.ca/en/condos-apartments~for-rent~montreal-verdun-ile-des-soeurs/24329617	https://www.centris.ca/en/condos-apartments~for-rent~montreal-verdun-ile-des-soeurs/24329617	2026-07-25	rejected	6150 boulevard Champlain apt.2 geocodes to H4E 2J6, wrong postal prefix
https://www.centris.ca/en/houses~for-rent~montreal-verdun-ile-des-soeurs/28407453	https://www.centris.ca/en/houses~for-rent~montreal-verdun-ile-des-soeurs/28407453	2026-07-25	rejected	24 Rue des Fauvettes geocodes to H3E 1E7, wrong postal prefix
https://www.kijiji.ca/v-apartments-condos/ville-de-montreal/4-1-2-in-lasalle-near-newman-shopping-mall/1741046690	kijiji:1741046690	2026-07-25	rejected	Card-level reject: 640 sqft, under 900 sqft minimum
https://www.kijiji.ca/v-apartments-condos/ville-de-montreal/grand-4-1-2-a-louer-a-lasalle/1741059330	kijiji:1741059330	2026-07-25	rejected	Card-level reject: 700 sqft, under 900 sqft minimum
https://www.kijiji.ca/v-apartments-condos/ville-de-montreal/ville-lasalle-4-5-enhaut-tranquille-aug-ou-sept/1741077826	kijiji:1741077826	2026-07-25	rejected	Detail page Rental Location Lasalle QC H8N 1K4, wrong postal prefix
https://www.kijiji.ca/v-apartments-condos/ville-de-montreal/4-1-2-a-louer-libre-1er-septembre/1741086843	kijiji:1741086843	2026-07-25	rejected	Card-level reject: 800 sqft, under 900 sqft minimum
https://www.kijiji.ca/v-apartments-condos/ville-de-montreal/spacious-2-bedroom-apartment-renovated-near-monk-metro-1/1741088080	kijiji:1741088080	2026-07-25	rejected	Detail page Montreal QC H4E 3A1 (Ville-Emard), wrong postal prefix
https://www.kijiji.ca/v-apartments-condos/ville-de-montreal/verdun-superbe-4-1er-etage-cour-stationnement-pres-metro/1741049720	kijiji:1741049720	2026-07-25	rejected	Card-level reject: 800 sqft, under 900 sqft minimum
https://www.zumper.com/address/703-ave-greene-montreal-qc-h4c-2j8-can	https://www.zumper.com/address/703-ave-greene-montreal-qc-h4c-2j8-can	2026-07-25	rejected	Postal code H4C 2J8 in URL, wrong postal prefix
https://www.padmapper.com/rentals/28849416p/2-bedroom-1-bath-apartment-at-6220-rue-hamilton-montreal-qc-h4e-3c4	https://www.padmapper.com/rentals/28849416p/2-bedroom-1-bath-apartment-at-6220-rue-hamilton-montreal-qc-h4e-3c4	2026-07-25	rejected	Listing URL postal code H4E 3C4, duplicate of already-known wrong-prefix 6220 Rue Hamilton address
https://www.padmapper.com/rentals/64929984/3-bedroom-1-bath-apartment-at-869-avenue-6e-montreal-qc-h4g-3a3	https://www.padmapper.com/rentals/64929984/3-bedroom-1-bath-apartment-at-869-avenue-6e-montreal-qc-h4g-3a3	2026-07-25	rejected	Listing URL postal code H4G 3A3, duplicate of already-known wrong-prefix 869 Avenue 6e address
https://www.logisquebec.com/appartement-a-louer-montreal-l326809	https://www.logisquebec.com/appartement-a-louer-montreal-l326809	2026-07-25	rejected	305 Rue Quinlan LaSalle, same Univert complex as 9435 rue Jean-Milot, H8R wrong postal prefix
https://www.logisquebec.com/appartement-a-louer-montreal-l326810	https://www.logisquebec.com/appartement-a-louer-montreal-l326810	2026-07-25	rejected	305 Rue Quinlan LaSalle, same Univert complex as 9435 rue Jean-Milot, H8R wrong postal prefix
https://www.logisquebec.com/appartement-a-louer-montreal-l326811	https://www.logisquebec.com/appartement-a-louer-montreal-l326811	2026-07-25	rejected	305 Rue Quinlan LaSalle, same Univert complex as 9435 rue Jean-Milot, H8R wrong postal prefix
https://www.logisquebec.com/appartement-a-louer-montreal-l353647	https://www.logisquebec.com/appartement-a-louer-montreal-l353647	2026-07-25	rejected	9431 Boulevard LaSalle geocodes to H8R 2M7, wrong postal prefix
https://www.logisquebec.com/appartement-a-louer-montreal-l353648	https://www.logisquebec.com/appartement-a-louer-montreal-l353648	2026-07-25	rejected	9431 Boulevard LaSalle geocodes to H8R 2M7, wrong postal prefix
https://www.logisquebec.com/appartement-a-louer-montreal-l331627	https://www.logisquebec.com/appartement-a-louer-montreal-l331627	2026-07-25	rejected	500 rue Sauve Est geocodes to H3L 2B8 (Ahuntsic-Cartierville), wrong borough entirely
https://www.logisquebec.com/appartement-a-louer-verdun_ile-des-soeurs-l351535	https://www.logisquebec.com/appartement-a-louer-verdun_ile-des-soeurs-l351535	2026-07-25	rejected	346 4e Avenue Verdun geocodes to H4G 1X5, wrong postal prefix
https://www.logisquebec.com/appartement-a-louer-verdun_ile-des-soeurs-l336284	https://www.logisquebec.com/appartement-a-louer-verdun_ile-des-soeurs-l336284	2026-07-25	rejected	350 4e Avenue Verdun, 800 sqft on card, under 900 sqft minimum
https://www.logisquebec.com/appartement-a-louer-verdun_ile-des-soeurs-l353969	https://www.logisquebec.com/appartement-a-louer-verdun_ile-des-soeurs-l353969	2026-07-25	rejected	Duplicate of existing rejected 'Very nice 5 1/2 Perfect location' (800 sqft)
https://www.logisquebec.com/appartement-a-louer-verdun_ile-des-soeurs-l351246	https://www.logisquebec.com/appartement-a-louer-verdun_ile-des-soeurs-l351246	2026-07-25	rejected	397-3e ave 'Le 6Plex', detail page shows 500 pi2, under 900 sqft minimum
https://www.logisquebec.com/appartement-a-louer-verdun_ile-des-soeurs-l341628	https://www.logisquebec.com/appartement-a-louer-verdun_ile-des-soeurs-l341628	2026-07-25	rejected	204 rue Egan, title states demi sous-sol, below-grade unit
https://www.logisquebec.com/appartement-a-louer-verdun_ile-des-soeurs-l341643	https://www.logisquebec.com/appartement-a-louer-verdun_ile-des-soeurs-l341643	2026-07-25	unresolved	5551 rue Wellington Verdun H4H 1X7 confirmed by geocoding, 1er etage not below-grade, but size not disclosed on card or detail page
https://www.facebook.com/marketplace/item/1725903741927098/	facebook:1725903741927098	2026-07-25	accepted	Duplicate of existing accepted 5912 Rue de Verdun H4H 1M4 row, repost at $1,840/mo
https://www.facebook.com/marketplace/item/1745021586947194/	facebook:1745021586947194	2026-07-25	unresolved	Upper duplex, Rue Rolland, Verdun, $1,920/mo, 2BR, no exact address or postal code disclosed
https://www.facebook.com/marketplace/item/1773828364070150/	facebook:1773828364070150	2026-07-25	unresolved	Lease transfer 4 1/2, $1,350/mo, 2BR, near LaSalle waterfront (Ouimet/Lacharite area transit stops), no exact address or postal code disclosed
https://www.centris.ca/en/condos-apartments~for-rent~montreal-lasalle/18871079	centris:18871079	2026-07-26	rejected	7906 Rue Robert geocodes to H8N 1M9, wrong postal prefix
https://www.kijiji.ca/v-apartments-condos/ville-de-montreal/4-1-2-condo-100m-to-angrignon-metro-ideal-for-bombardier/1741108015	kijiji:1741108015	2026-07-26	rejected	Detail page 7020 Rue Allard H8N 0C5, wrong postal prefix
https://www.kijiji.ca/v-apartments-condos/ville-de-montreal/5-1-2-a-louer-verdun/1741112087	kijiji:1741112087	2026-07-26	unresolved	646 Rue Brault, Verdun H4H 2B2 confirmed, 2nd floor not below-grade, but size shown only as 100 sqft (clear placeholder), no real size disclosed
https://www.kijiji.ca/v-apartments-condos/ville-de-montreal/61-2-near-metro-monk-available-august-1st/1741105712	kijiji:1741105712	2026-07-26	rejected	Detail page shows 700 sqft, under 900 sqft minimum (card claimed 1000 sqft); Montreal QC H4E 3J1 also wrong postal prefix
https://www.kijiji.ca/v-apartments-condos/ville-de-montreal/grand-5-lumineux-a-louer-lasalle-1-800-par-mois/1741105993	kijiji:1741105993	2026-07-26	accepted	LaSalle H8P 2Y7 confirmed, 1,164 sqft, 3 bedrooms, $1,800/mo, front/back balcony no yard access
https://www.kijiji.ca/v-apartments-condos/ville-de-montreal/cession-de-bail-appartement-4-a-verdun/1740068998	kijiji:1740068998	2026-07-26	rejected	Card-level reject: 775 sqft, under 900 sqft minimum
https://www.kijiji.ca/v-apartments-condos/ville-de-montreal/cherche-5-1-2-lasalle/1741098253	kijiji:1741098253	2026-07-26	rejected	Wanted ad ("Cherche"), not an actual listing
https://www.kijiji.ca/v-apartments-condos/ville-de-montreal/completely-renovated-and-freshly-painted-5-1-2-in-lasalle/1741078904	kijiji:1741078904	2026-07-26	rejected	Detail page Cavelier Park, Lasalle QC H8N 1S1, wrong postal prefix
https://www.kijiji.ca/v-apartments-condos/ville-de-montreal/grand-4-1-2-a-louer-a-lasalle-dans-montreal/1741118544	kijiji:1741118544	2026-07-26	rejected	Card-level reject: 700 sqft, under 900 sqft minimum
https://www.kijiji.ca/v-apartments-condos/ville-de-montreal/verdun-4-5-for-rent/1741129688	kijiji:1741129688	2026-07-26	rejected	Detail page shows 700 sqft (card claimed 1150 sqft), under 900 sqft minimum
https://www.kijiji.ca/v-apartments-condos/ville-de-montreal/ville-lasalle-4-5-enhaut-tranquille-aug-ou-sept/1741127977	kijiji:h8n-1k4-ville-lasalle-enhaut	2026-07-26	rejected	Matches the recurring "Ville LaSalle 4 1/2 en haut" listing, previously confirmed H8N 1K4 wrong postal prefix
https://www.facebook.com/marketplace/item/1031957199760270/	facebook:1031957199760270	2026-07-26	unresolved	"PROMO PRICE" Verdun apartment, $1,695/mo, 2BR, in-unit laundry, no exact address or postal code disclosed
https://www.facebook.com/marketplace/item/1251285994736186/	kijiji:1741112087	2026-07-26	unresolved	Duplicate of the unresolved 646 Rue Brault Verdun listing (same description/price, cross-posted from Kijiji ad 1741112087)
https://www.facebook.com/marketplace/item/1561216315409039/	facebook:1561216315409039	2026-07-26	unresolved	37 3e Avenue, LaSalle H8P 2H1 confirmed, 2nd floor not below-grade, but no size disclosed
https://www.facebook.com/marketplace/item/1571698497701376/	facebook:1531408412364224	2026-07-26	accepted	Duplicate of existing accepted Rue Moffat, Verdun H4H 1Y5 row (same address/price/description, repost)
https://www.facebook.com/marketplace/item/1718220552717737/	facebook:1718220552717737	2026-07-26	unresolved	4 1/2 upper duplex, LaSalle "Bronx", $1,600/mo, 2BR, no exact address or postal code disclosed
https://www.facebook.com/marketplace/item/2066301668097791/	facebook:2066301668097791	2026-07-26	rejected	Title/description explicitly "BASEMENT"/"SOUS-SOL", below-grade unit
https://www.facebook.com/marketplace/item/2138317410083743/	facebook:2138317410083743	2026-07-26	unresolved	2BR near Plaza Champlain (intersection of 16e Avenue/Bonnier), Verdun area, $1,800/mo, no exact address or postal code disclosed (intersection only, not geocodable)
https://www.facebook.com/marketplace/item/2425896861237936/	facebook:2425896861237936	2026-07-26	unresolved	42 6e Avenue, LaSalle H8P 2K9 confirmed, large backyard, but no size disclosed
https://www.facebook.com/marketplace/item/841507745565145/	facebook:841507745565145	2026-07-26	rejected	Detail page shows 825 sqft, under 900 sqft minimum (H4H 1W6 postal passes but size fails)
https://email.search.kijiji.ca/c/eJxEzkFugzAQheHTDDuQPR5MvPCiEkLqKdDEHoJTnERg4PqVmkjdvv9bvOg1XoSwEq-7S6stOUvV7DuWNsh1cqSN1c7q1ihnGS0pHUWbKnlUaFWHnW6VQ2quypEhVBPSNEnrgNQmvIa5-Un3dE9N4GrxcymvDcwX4AA4nOf5XwGHoz6SnHWUwmnZmrnkBczA8TuC6XVHyiFaTYB2L3nMEtOewfSSOS2fcXvuaxAw_caHxPp94dMC5xen2wNMn2_jHxjfYORF1lKtnl-lPrmEWVYgxdt82x9NeObq8PgbAAD__8w0Xdw	kijiji:1740922614	2026-07-27	rejected	Newsletter tracking link; detail page confirms Verdun QC H4G 2X5, wrong postal prefix
https://email.search.kijiji.ca/c/eJxEzsGKrDAQheGnKXdKpRITXWRxQYT7FFKTlG16THejUV9_YLphtuf_Fid6RZ0YqsQr17XKmt6aavGIPFuL5DqlY2RsXRsidl1vQiCOUiVPSBYdOdViT6b5wt5oQziTmWdpezC4C29hab7TPd1TE7ha_VLKawf9D2gEGq_r-qtA41mfSa46SuG07s1S8gp65Pg_gh6U09Yp0-sWyB4lT1liOjLoQTKn9TPuz2MLAnrY-ZRYvy98WuD84nR7gB7ybfoF0xtMvMpWqs3zq9QXl7DIBgZ5X27HownPXJ2efgIAAP__UCtecg	kijiji:1736714935	2026-07-27	rejected	Newsletter tracking link; detail page confirms 1671 Rue le Caron, Montreal H4E 1K1, wrong postal prefix
https://email.search.kijiji.ca/c/eJxEzkFugzAQheHTmB1oPB4wLLyohJB6CjTYQ3CKkwgMXL9SE6nb93-LF5zGVggLcdq2tW6oa6hYHMxTTYF9ENG1BUsEs_Ckuw4CTQGL6BCwAYtW19AhVRN0ZAhhRppnqTtFsAtvfql-4j3eY-W5WN2S82tX5kvhoHC4ruu_KhzO8oxylUEyx3WvlpxWZQYO30GZXlvTWGqhbRU2R05jkhCPpEwvieP6GffnsXlRpt_5lFC-L3ya5_TieHso06fb-AfGNxh5lS0Xm-NXLi_OfpFNEfC-3I5H5Z-pOB3-BgAA___sh18E	kijiji:1736748088	2026-07-27	rejected	Newsletter tracking link; matches recurring Ville-Emard Electros listing, H4E 1Y4 wrong prefix confirmed in prior runs
https://email.search.kijiji.ca/c/eJxEzsGOgyAQxvGnGW8aHFTgwGETY7JPYUYYC11pG0F9_U22Tfb6_X-Hz9sWNXdYsW2V7tthQN1WwRrDvTeMRokVlVwkL-u6kDTktWPZV9GiwEEoVG2PotPNgqZXuicvBl7NYqATmWl3ofmJ93iPjaNqs6GUVwb5BTgBTtd1_VfA6azPyFftuVDcchNK2kBO5L89yLFVclCdFloDDkdJc2IfjwRy5ERx-4z5eeyOQY6ZTvb1-8KnOUovircHyDHd5j8wv8FMG--l2i29Sn1RcYF36ATlcDsejXum6rT4GwAA__8z-F9c	kijiji:1736748088	2026-07-27	rejected	Newsletter tracking link; matches recurring Ville-Emard Electros listing, H4E 1Y4 wrong prefix confirmed in prior runs
https://email.search.kijiji.ca/c/eJxEzsGKrDAQheGniTulUimNLrK4IMJ9CqlJyjY9prsxUV9_YLphtuf_Fic4jb0QVuK07Vvd0dBRtTpauIWFemMBGLhnL31nmAK13gMNVXQI2IFFq1sYkJovGMgQwoK0LNIOiiAL735tvuM93mPjudrcWsorK_NP4aRwuq7rryqczvqMctVBCsctN2tJmzITh_9BmVFb0prsYEFhd5Q0JwnxSMqMkjhunzE_j92LMmPmU0L9vvBpntOL4-2hzJhu8y-Y32DmTfZS7Y5fpb64-FV2RcB5vR2Pxj9TdTr8CQAA__9Sf15q	kijiji:1740848698	2026-07-27	rejected	Newsletter tracking link; title explicitly states Semi-Basement, below-grade exclusion
https://email.search.kijiji.ca/c/eJxEzk1ugzAQxfHTDDuQPf5k4UUlhNRToAkeglOcIDBw_UpNpG7f_7d4MUj0rLHiIJ030lr0spqDp1ts4-QtSVbWsFNGaROnKCbLimyVAgq0wqGTBoX2zQ1b47yhKCxP7a0FLXambZybn_RIj9SMVC1hLmXdQX0B9oD9dV3_FbA_6zPxVUculJa9mUteQPUUvyOoTjotpXatE4D2KHnIHNORQXWcKS2fcX8d28igup1OjvX7wqeNlFdK9yeoLt-HPzC8wUALb6XaAq2lvqiMM2-gBe3z_Xg24ytXZ8DfAAAA___9AF8Z	kijiji:1740848698	2026-07-27	rejected	Newsletter tracking link; title explicitly states Semi-Basement, below-grade exclusion
https://email.search.kijiji.ca/c/eJxEjsGOrCAQRb8GdxooCtQFi5cYk_cVpoSypUe6O4L6-5OZ7mQWd3PPWZzgFHSMULFTbWeUxd5itbrFKDZq7hCt72b9MzR6UcZwmD13VXQgwcoWWmVkD9jMskeNIBfAZWHTC5SZafdr8xXv8R4bT9Xm1lJeWeh_AkYB43Vdf1TAeNZn5KsOXChuuVlL2oQeKfwPQg_KdtBaRNkLsEdJU-IQjyT0wIni9jnz89g9Cz1kOjnU74QP85ReFG8PoYd0m36F6S1MtPFeqt3Rq9QXFb_yLlBSXm_Ho_HPVJ0OvgMAAP__k-xesg	kijiji:vida-1011-blvd-shevchenko	2026-07-27	rejected	Newsletter tracking link; matches recurring MTL-Vida complex, 1011 Blvd Shevchenko H8N 0H2 wrong prefix
https://email.search.kijiji.ca/c/eJxEzk1ugzAQxfHTmB3IHht_LLyohJB6CjRhJsEpTiJs4PqVmkjdvv9v8Sgq8Gyg4aic75W14FWzxB4wsAYy16siYzH04RJcAO9sICLfpAgSrHTgVA_S-O4CoXe-R5KWr-EShJGFcZuX7ifd0z11MzZrXGp9FaG_BIwCxvM8_6uA8WiPxGdLXDGtpVtqXoUekb5J6EFZD84aI4MAu9c8Zaa0Z6EHzpjWz1ie-zaz0EPBg6l9X_i0GfML0-0h9JBv0x-Y3mDClbfabBFftT2xzgtvwkgsy21_dPMzN0eE3wAAAP__gkZepg	kijiji:vida-1011-blvd-shevchenko	2026-07-27	rejected	Newsletter tracking link; matches recurring MTL-Vida complex, 1011 Blvd Shevchenko H8N 0H2 wrong prefix
https://email.search.kijiji.ca/c/eJxEzkuOqzAQheHVFDOQXX5gBh5cCSHdVaDCrg5O4yTCBrbfUidST8__DU70Eh1rbNjL3hlpLTrZrF4Ew8tinA4Re3ZuiTagDosNgxFkVJM8CrSix14aFNp1Cw6md4aisPw1LANoUZj2sHbf6Z7uqQvUbH6t9VVA_QOcAKfruv4q4HS2Z-KrjVwpbaVba95ATRT_R1Cj7LWUWjthAe1R85w5piODGjlT2j5jeR57YFBjoZNj-77waYHyi9LtAWrMt_kXzG8w08Z7bXZPr9peVMPKO2hBZb0djy48c3N6_AkAAP__7sNfBw	kijiji:1741144806	2026-07-27	rejected	Newsletter tracking link; detail page confirms LaSalle QC H8R 2H2, wrong postal prefix
https://email.search.kijiji.ca/c/eJxEzs2KgzAUxfGniTslufl0kcWACPMUck1uazqmFRP19Qemhdme_29xohfgSEFDXlinhTHgRLP4oOlmJe-VmMGgMSHYeCMedADu1IxN8sDBcAtWaODKdTP02jqNkRu69XPPFC-Ee1i6n_RIj9QFbFa_1LoVJr8YjAzG67r-K4PxbM9EVxupYlpLt9S8Mjli_I5MDsIqIaTTvWRgjpqnTDEdmcmBMqb1M5bXsQdicih4UmzfFz4tYN4w3Z9MDvk-_YHpDSZcaa_N7nGr7YU1LLQzxbEs9-PZhVduTg-_AQAA___ko18G	kijiji:1741144806	2026-07-27	rejected	Newsletter tracking link; detail page confirms LaSalle QC H8R 2H2, wrong postal prefix
https://email.search.kijiji.ca/c/eJxEzk1ugzAQxfHTDDuQPWPzsfCiEkLqKdBgT4JTnCAwcP1KTaRu3_-3eMFpbMVgIU43rdW16WpTzG4KlkxQNYrVLbe1Fh9kIhLFk26EiuhQYa0abLRVHZpqUp0hg-qG5nYT24FRu_Dm5-onPuIjVp6Lxc05rzvQF-AAOFzX9V8Bh7M8o1xlkMxx2as5pwVo4PAdgHrdkLJNq1sLWB85jUlCPBJQL4nj8hn317F5Aep3PiWU7wuf5jmtHO9PoD7dxz8wvsHIi2y52Byvubw4-1k2MIr3-X48K_9KxenwNwAA__-w_F7L	kijiji:1730578185	2026-07-27	accepted	Newsletter tracking link; duplicate of existing accepted 229 Boulevard Bishop-Power H8P 2P5 row
https://email.search.kijiji.ca/c/eJxEzkFugzAQheHTDDuQGQ82LLyohJB6CjSxJ8EpTiJs4PqVmkjdvv9bvOBa7IWwEtfavmsNDYaqxdnQo_cGmQOLvbBlMj21gxo63RnBKjpUaJRF23ZqQGouaiBNqK5I16t0A5DKwptfmp94j_fYeK5Wt5TyyqC_ACfA6TzP_wo4HfUR5ayDFI5rbpaSVtATh-8Aemyt7kmj7Qyg2Uuak4S4J9CjJI7rZ8zPffMCesx8SKjfFz7Nc3pxvD1Aj-k2_4H5DWZeZSvV5vhV6pOLX2QDUpyX2_5o_DNVh8PfAAAA__9tf15-	kijiji:1738432756	2026-07-27	rejected	Newsletter tracking link; detail page confirms Verdun QC H4G 2P4, wrong postal prefix
https://email.search.kijiji.ca/c/eJxEzsGOgyAQxvGnGW8aGEDsgcMmxmSfwowwVLrSGkV9_U22Tfb6_X-HLziJHWus2Enb6ZtorbHV7CYiFU2cppuXwkijOo1BdRQ7tlGIUCWHAlthUUsjDdpmktHGSQsKXbTeaNBiZ9r83PykR3qkxlO1uLmUdQf1BTgADtd1_VfA4azPxFcduFBa9mYueQE1UPgOoHpptRQSsW0B26PkMXNIRwbVc6a0fMb9dWyeQfU7nRzq94VP85RXSvcnqD7fxz8wvsFIC2-l2hytpb6o-Jk30IL2-X48G__K1enwNwAA__81Rl9S	kijiji:1741012266	2026-07-27	rejected	Newsletter tracking link; duplicate of known Ville-Emard reject (card confirms Ville-Emard, no house number to geocode)
https://email.search.kijiji.ca/c/eJxEzsGOgyAQxvGnGW8aGBTwwGETY7JPYUaYVrrSGkF9_U22Tfb6_X-HLziJllus2EljO6k1WlktTqAUczCtt7qfjZdBS-put15Zb8Q8cxUdCtTCoJEditY2M_adsR0FofnWzz20IjPtfml-4iM-YuOpWt1SypZBfQGOgON1Xf8VcDzrM_JVBy4U19wsJa2gRgrfAdQgjZLGatkhoD5KmhKHeCRQAyeK62fMr2P3DGrIdHKo3xc-zVPaKN6foIZ0n_7A9AYTrbyXane0lfqi4hfeoRWUl_vxbPwrVafD3wAAAP__szVe2g	kijiji:1731786152	2026-07-27	rejected	Newsletter tracking link; detail page confirms 9435 rue Jean-Milot, LaSalle H8R 0C9, wrong postal prefix
https://email.search.kijiji.ca/c/eJxEzs2KgzAUxfGniTslufleZDEgwjyFXJPbmo5pRaO-_sC0MNvz_y1OCgIcKWgoCOu0MAacaOagJxm9nm4EzhuKwPWEfEKXnHVKedPkABwMt2CFBq5cN4HX1mlM3NDNT54pvhNuce5-8iM_chexWcJc67oz-cVgYDBc1_VfGQxne2a62kQV87J3cy0LkwOm78RkL6ziUnmrBQNz1DIWSvkoTPZUMC-fcX8dWyQm-x1PSu37wqdFLCvm-5PJvtzHPzC-wYgLbbXZAq61vbDGmTamOO7z_Xh28VWaM8BvAAAA__-gAF67	kijiji:1740349751	2026-07-27	rejected	Newsletter tracking link; detail page confirms 9431 Boulevard LaSalle H8R 2M8, wrong postal prefix
https://email.search.kijiji.ca/c/eJxEzsGOgyAQxvGnwZsGB4ThwGETY7JPYaYwrXSlbQT19TfZNtnr9_8dvuh7QNbQsO8tDr0xgH2zeBMDDtZotDJac9VOuoBOK1QUI2rZJA8SjLRg-wGkxu4CbrA4UJSGr-7ihJaFaQtL95Pu6Z66QM3ql1pfRagvAZOA6TzP_ypgOtoj8dlGrpTW0i01r0JNFL-jUGNvlVNocVACzF7znDmmPQs1cqa0fsby3LfAQo2FDo7t-8KnBcovSreHUGO-zX9gfoOZVt5qs3l61fakGhbehJZUltv-6MIzN4eH3wAAAP__79heGg	kijiji:1739387853	2026-07-27	unresolved	Newsletter tracking link, domain on cooldown; same ad resolved via direct Kijiji search-result card link instead
https://clicks.zumper.com/f/a/FvLtzCYAgBACr9N-DGPMWg~~/AAPDZhA~/AacUbrWxUF4HYn3t8KqU41WOxfwgQOKRul3IVb5x5wl8RqeeJPUB0r545lCz_5thZOK0aXObwgi2XHDc8GyXmtA1D0f4ODW3-tF67Eq66Rjbw8_nNcDO7Midzyh8AB17qEjsvqml5iREHfGIp5bcCaDxjG9MH6GFNhXofZYcS-SAJR6NAGFoFi_9N5K6gfRIiPttZQixPPkAm5ZKjtpS81zfB4IlVyALsc-WcpltxYrsClRS7nzHKrSfV6AZrD4BjTAaw4xS-rXpIW1V4puWBUPoa8wG_NU0WdvYeAl39ILMHesbjwwmWR1yiFy0evAmU4ntkVIYmNme5Wt7fx87I2QDzWOK07UPRd-1XSKdEqnsG9qcd-6H1oGiaqxjgBKtSUdp8OeaY33PyHYzgqrivQ~~	zumper:26190785p	2026-07-27	rejected	Newsletter tracking link; detail page confirms 6409 Rue Dumas, Montreal H4E 2Z8, wrong postal prefix
https://clicks.zumper.com/f/a/ORSnxN3ngiHBuOTIr79xSw~~/AAPDZhA~/AacUbrWxUF4HYn3t8KqU41WOxfwgQOKRul3IVb5x5wnIWrlwJGrdf-Kimooi_DVYLK4kpWJ4mwJcJYLJAbE3ZA_qDSWexW7_cM1v2WqLHhUJ8B1prig47Fn8EyZkyEK8qkvUWIjW0Y6T8vofPrrnD0ZvDTF1Y2pgzbgJaZzdz6x1a54P3NZhhaVTnFrBDvzT2hSpS99edHMLmxD-0D5vQNuqT1btuIcueK5SAUzez063mDzEcb86svBNM-vE26upLyO0hfQBBP5y7zhx4piWAb1Fqy_vxYq8uQ3yw3soUnjYsOVdVcv5XET6AuNE7uFUpk3yTGLDMPUQ_jVhC6NZVyXK_0UgMd7BDB7pk6vBqf1UBNaJ6TyPgMDsYBu--68vwaHglmZcwP5K4C60o7zpeQ~~	zumper:28849416p	2026-07-27	rejected	Newsletter tracking link; detail page confirms 6220 Rue Hamilton #7, Montreal H4E 3C4, wrong postal prefix
https://www.kijiji.ca/v-apartments-condos/ville-de-montreal/lasalle-grand-4-disponible-pour-aout-ou-septembre/1741134520	kijiji:1741134520	2026-07-27	rejected	LaSalle search card; detail page confirms LaSalle QC H8R 2A7, wrong postal prefix
https://www.kijiji.ca/v-apartments-condos/ville-de-montreal/condo-renove-2-cac-et-2-balcons-station-jolicoeur/1741138593	kijiji:1741138593	2026-07-27	rejected	LaSalle search card; detail page confirms Montreal QC H4E 1P3, wrong postal prefix
https://www.kijiji.ca/v-apartments-condos/ville-de-montreal/grand-4-1-2-a-louer-a-lasalle-dans-montreal/1741168990	kijiji:1741168990	2026-07-27	rejected	LaSalle search card; detail page confirms LaSalle QC H8P 2J4 (in-zone) but only 700 sqft, under 900 sqft minimum
https://www.kijiji.ca/v-apartments-condos/ville-de-montreal/4-1-2-apartments-for-rent-in-lasalle/1741169879	kijiji:1741169879	2026-07-27	rejected	LaSalle search card; detail page confirms LaSalle QC H8R 2A7, wrong postal prefix
https://www.kijiji.ca/v-apartments-condos/ville-de-montreal/ville-lasalle-4-5-enhaut-tranquille-aug-ou-sept/1741173604	kijiji:1741173604	2026-07-27	rejected	LaSalle search card; detail page confirms LaSalle QC H8N 1K4, wrong postal prefix
https://www.kijiji.ca/v-apartments-condos/ville-de-montreal/lasalle-4-1-2-for-rent-a-louer/1739387853	kijiji:1739387853	2026-07-27	unresolved	LaSalle search card; detail page gives only Rue Denise, LaSalle QC with no street number, postal code cannot be established
https://www.facebook.com/marketplace/item/1017980767815443/	facebook:1017980767815443	2026-07-27	rejected	Detail page confirms 655 Ave Lacharite, LaSalle H8P 2C1 but description explicitly says semi-basement in a 5-plex, below-grade exclusion
https://www.facebook.com/marketplace/item/1305893554990585/	facebook:2011807752794507	2026-07-27	accepted	Duplicate repost of existing accepted 8011 Rue Centrale H8P 1M7 Golf Area row (identical description, no address disclosed)
https://www.facebook.com/marketplace/item/1323767539848471/	facebook:1323767539848471	2026-07-27	accepted	Accepted; exact address 514 37e avenue, Lasalle H8P 3A5 disclosed in description, 2nd floor of a duplex, not below grade
https://www.facebook.com/marketplace/item/1485587206697689/	facebook:2011807752794507	2026-07-27	accepted	Duplicate repost of existing accepted 8011 Rue Centrale H8P 1M7 Golf Area row (identical description, no address disclosed)
https://www.facebook.com/marketplace/item/1690500393083389/	facebook:1690500393083389	2026-07-27	unresolved	Main floor 5 1/2 house in LaSalle, no address or postal code disclosed
https://www.facebook.com/marketplace/item/4108830332582279/	facebook:4108830332582279	2026-07-27	rejected	Detail page confirms Montreal QC H8N 2G3, wrong postal prefix
https://www.facebook.com/marketplace/item/4624638017859449/	facebook:4624638017859449	2026-07-27	unresolved	4 1/2 in Verdun, no address or postal code disclosed
https://www.facebook.com/marketplace/item/4803942949833167/	facebook:4803942949833167	2026-07-27	accepted	Accepted; detail page confirms H8P 1L1, 1st floor of a duplex, not below grade
https://www.facebook.com/marketplace/item/989735127079918/	facebook:989735127079918	2026-07-27	rejected	Detail page confirms Montreal QC H8N 2G3, wrong postal prefix, same building as item 4108830332582279
https://www.logisquebec.com/appartement-a-louer-lasalle-l353251	logisquebec:l353251	2026-07-27	rejected	1344 Baxter, LaSalle geocoded to H8N 2J4, wrong postal prefix; upper floor of semi-detached duplex, not below grade
https://duproprio.com/en/1130879	duproprio:1130879	2026-07-28	rejected	Detail page shows 805 sqft (74.79 m2), below 900 sqft minimum; 101-5551 rue Wellington, Verdun
https://duproprio.com/en/1130882	duproprio:1130882	2026-07-28	rejected	Detail page shows 714 sqft (66.33 m2), below 900 sqft minimum; 101-204 rue Egan, Verdun
https://www.centris.ca/en/condos-apartments~for-rent~montreal-verdun-ile-des-soeurs/11005101	centris:11005101	2026-07-28	rejected	3429 boulevard LaSalle geocoded to H4G 2C8, wrong postal prefix
https://www.facebook.com/marketplace/item/1023817423907823/	facebook:1023817423907823	2026-07-28	accepted	633 Woodland Verdun H4H 1V8 given directly on detail page, 2nd floor, in-unit laundry, no below-grade wording
https://www.facebook.com/marketplace/item/1056033817373642/	facebook:1056033817373642	2026-07-28	rejected	Description explicitly states "DEMI SOUS-SOL" (semi-basement), LaSalle
https://www.facebook.com/marketplace/item/1061648306541962/	facebook:1061648306541962	2026-07-28	accepted	536 38e Avenue LaSalle H8P 3A7 given directly on detail page, upper duplex unit, not below grade
https://www.facebook.com/marketplace/item/1627370998949478/	facebook:1061648306541962	2026-07-28	accepted	Duplicate cross-post of item 1061648306541962 (536 38e Avenue H8P 3A7), same address/price/description
https://www.facebook.com/marketplace/item/27772470642372173/	facebook:27772470642372173	2026-07-28	rejected	Rental Location field gives H8N 2G3 (8530 Jean Brillon, LaSalle), wrong postal prefix
https://www.facebook.com/marketplace/item/3308569339352709/	facebook:3308569339352709	2026-07-28	unresolved	No postal code or house number disclosed; Rue Verdun / Verdun area only, location marked approximate
https://www.logisquebec.com/appartement-a-louer-lasalle-l354868	logisquebec:l354868	2026-07-28	rejected	Detail page shows 700 pi2, below 900 sqft minimum; 189 4e avenue, LaSalle
https://www.logisquebec.com/appartement-a-louer-lasalle-l354983	logisquebec:l354983	2026-07-28	rejected	1421 rue Maurice, LaSalle geocoded to H8N 1P2, wrong postal prefix
https://email.search.kijiji.ca/c/eJxEzk1ugzAQxfHTDDuQPf6ChReVEFJPgSb2JDjFSYQNXL9SE6nb9_8tXvQSe9bYsJeuN2hk72yzeBoGax0a6hWbyCoYdRGEF7JkL1cjmuRRoBUOe2mkM7bTOsYwXDlGo9BJDVoUpi0s3U-6p3vqAjWrX2p9FVBfgBPgdJ7nfwWcjvZIfLaRK6W1dEvNK6iJ4ncENUqnhdKDMxLQ7jXPmWPaM6iRM6X1M5bnvgUGNRY6OLbvC58WKL8o3R6gxnyb_8D8BjOtvNVm8_Sq7Uk1LLyBFlSW2_7owjM3h8ffAAAA___hT18H	kijiji:1740349751	2026-07-28	rejected	Newsletter tracking link; detail page reconfirms 9431 Boulevard LaSalle H8R 2M8, wrong postal prefix
https://www.kijiji.ca/v-apartments-condos/ville-de-montreal/2-ch-1-sdb-montreal-1-850-mo/1736714935	kijiji:1736714935	2026-07-28	rejected	Detail page location 1671 Rue le Caron, Montreal H4E 1K1, wrong postal prefix
https://www.kijiji.ca/v-apartments-condos/ville-de-montreal/3-ch-1-sdb-montreal-1-800-mo/1739671461	kijiji:1739671461	2026-07-28	rejected	Detail page location 5795 Boulevard Monk, Montreal H4E 3H2, wrong postal prefix
https://www.kijiji.ca/v-apartments-condos/ville-de-montreal/4-apartment-for-rent-a-louer-lasalle/1741185783	kijiji:1741185783	2026-07-28	accepted	Pointe McDonald, LaSalle H8P 3C2 confirmed on detail page; 900 sqft, no below-grade wording
https://www.kijiji.ca/v-apartments-condos/ville-de-montreal/5-1-2-for-rent-lasalle-from-august/1741018283	kijiji:1741018283	2026-07-28	rejected	Detail page location Lasalle H8R 2X2, wrong postal prefix
https://www.kijiji.ca/v-apartments-condos/ville-de-montreal/5-1-2-unit-lasalle/1741017255	kijiji:1741017255	2026-07-28	rejected	Detail page location Rue Marie-Claire, Montreal H8N 1R9, wrong postal prefix
https://www.kijiji.ca/v-apartments-condos/ville-de-montreal/beau-grand-5-5-au-dernier-etage-sur-la-4e-presentement-dispo/1733270542	kijiji:1733270542	2026-07-28	rejected	Card-level reject: 875 sqft on card, below 900 sqft minimum
https://www.kijiji.ca/v-apartments-condos/ville-de-montreal/cession-de-bail/1741214399	kijiji:1741214399	2026-07-28	rejected	Card-level reject: 750 sqft on card (Cession de bail, Ile-des-Soeurs), below 900 sqft minimum
https://www.kijiji.ca/v-apartments-condos/ville-de-montreal/clean-bright-4-apartment-for-rent-le-sud-ouest-1-250-month/1741216639	kijiji:1741216639	2026-07-28	rejected	Detail page shows 750 sqft, below 900 sqft minimum; repost of previously-rejected "Clean & Bright...Sud-Ouest" listing pattern
https://www.kijiji.ca/v-apartments-condos/ville-de-montreal/lease-transfer-4-1-2-for-september-1st/1741012266	kijiji:1741012266	2026-07-28	unresolved	No postal code or house number disclosed; Rue Mazarin, Ville-Emard only
https://www.kijiji.ca/v-apartments-condos/ville-de-montreal/ph-2-6-2-bedroom-premium-apartment-for-rent/1735023987	kijiji:1735023987	2026-07-28	rejected	Detail page location 520 rue de Gaspe, Verdun H3E 1G1 (Ile-des-Soeurs), wrong postal prefix
https://www.kijiji.ca/v-apartments-condos/ville-de-montreal/verdun-appartement-meuble-3-chambres-a-louer-pres-du-metro/1741022223	kijiji:1741022223	2026-07-28	rejected	Detail page location Av. 6e, Montreal H4G 2Z9, wrong postal prefix
https://www.kijiji.ca/v-apartments-condos/ville-de-montreal/ville-lasalle-4-5-enhaut-tranquille-aug-ou-sept/1741222971	kijiji:1741222971	2026-07-28	rejected	Detail page location Lasalle H8N 1K4, wrong postal prefix; recurring "Ville lasalle 4.5 enhaut" listing pattern
https://www.kijiji.ca/v-apartments-condos/ville-de-montreal/wow-renover-appartement-lumineux-3-chambres-verdun/1740600830	kijiji:1740600830	2026-07-28	rejected	Detail page location Verdun H4G 1V2, wrong postal prefix
https://www.kijiji.ca/v-apartments-condos/ville-de-montreal/2-chambres-4-1-2-verdun/1741263257	kijiji:1741263257	2026-07-29	rejected	Detail page shows 824 sqft (card claimed 1150 sqft), under 900 sqft minimum; H4H 1W8 passes prefix but size fails
https://www.kijiji.ca/v-apartments-condos/ville-de-montreal/5-1-2-3-bedroom-verdun-apartment-for-rent-october-1st/1741238322	kijiji:1741238322	2026-07-29	accepted	H4H 2B2, 900 sqft, 2nd floor of quadruplex, in-unit laundry, no below-grade wording; new accepted row
https://www.kijiji.ca/v-apartments-condos/ville-de-montreal/5-1-2-a-lasalle-2-chambres-bureau-dispo-maintenant/1741269103	kijiji:1741269103	2026-07-29	accepted	Duplicate repost of existing accepted row (15e Avenue LaSalle H8P 2R9, ad 1740367281), same address/price/size/floor
https://www.kijiji.ca/v-apartments-condos/ville-de-montreal/cession-de-bail-2-chambres-4-a-lasalle-montreal/1741245640	kijiji:1741245640	2026-07-29	rejected	Card image caption discloses H8N 2E9 wrong postal prefix and 850 sqft, under 900 sqft minimum
https://www.kijiji.ca/v-apartments-condos/ville-de-montreal/clean-bright-4-apartment-for-rent-le-sud-ouest-1-250-month/1741263127	kijiji:1741263127	2026-07-29	rejected	Card shows 824 sqft under 900 sqft, and names Cote-Saint-Paul (Le Sud-Ouest), wrong borough
https://www.kijiji.ca/v-apartments-condos/ville-de-montreal/ville-lasalle-4-5-enhaut-tranquille-aug-ou-sept/1741264121	kijiji:1741264121	2026-07-29	rejected	Matches recurring "Ville LaSalle 4 1/2 en haut" building, H8N 1K4 wrong prefix confirmed across 10+ prior reposts
https://www.centris.ca/en/condos-apartments~for-rent~montreal-verdun-ile-des-soeurs/18841862	centris:18841862	2026-07-29	rejected	1050 Rue Egan, Verdun; structured field "4 bedrooms (2 in basement)", partly below-grade
https://www.padmapper.com/rentals/28824678p/2-bedroom-1-bath-apartment-at-714-avenue-riverview-montreal-qc-h4h-2c1	padmapper:28824678p	2026-07-29	rejected	714 Avenue Riverview, LaSalle H4H 2C1; detail page confirms 765 sqft, under 900 sqft minimum (upper duplex, not below-grade)
https://www.facebook.com/marketplace/item/1054145463831420/	facebook:1054145463831420	2026-07-29	accepted	Duplicate repost of existing accepted Rue Moffat Verdun H4H 1Y5 row (same address/price/description as items 1531408412364224, 1721909772451932)
https://www.facebook.com/marketplace/item/1059516119734921/	facebook:1059516119734921	2026-07-29	accepted	Same item ID as existing accepted Avenue des Rapides LaSalle H8P 2V8 row; duplicate, not new
https://www.facebook.com/marketplace/item/1348794140518158/	facebook:1348794140518158	2026-07-29	unresolved	3BR upper duplex near Boulevard Newman, LaSalle, $1,900/mo; no postal code or exact address disclosed
https://www.facebook.com/marketplace/item/1366147282362881/	facebook:1366147282362881	2026-07-29	rejected	2310 Rue Raudot, Montreal H4E 2P2 wrong prefix; also 600 sqft, under 900 sqft minimum
https://www.facebook.com/marketplace/item/1472967930775143/	facebook:1472967930775143	2026-07-29	unresolved	"Bas 4 1/2" LaSalle near Champlain shopping centre/waterfront, $1,550/mo; no postal code or exact address disclosed, floor label ambiguous
https://www.facebook.com/marketplace/item/1535435574705486/	facebook:1535435574705486	2026-07-29	unresolved	"Haut de duplex" 4 1/2 in LaSalle's Riverside neighbourhood, $1,675/mo; no postal code or exact address disclosed
https://www.facebook.com/marketplace/item/1670820430891089/	facebook:1670820430891089	2026-07-29	accepted	Same item ID as existing accepted Avenue Lacharite LaSalle H8P 2B9 row; duplicate, not new
https://www.facebook.com/marketplace/item/4437444306509771/	facebook:4437444306509771	2026-07-29	accepted	6102 Rue Beurling, Montreal H4H 1C6, 2nd/top floor, in-unit laundry, no below-grade wording; new accepted row
https://www.facebook.com/marketplace/item/790100107493337/	facebook:790100107493337	2026-07-29	rejected	1032 Rue Sylvestre, Montreal H8N 1R2 wrong postal prefix
https://email.search.kijiji.ca/c/eJxEzk1ugzAQxfHTDDuQPf7AWXhRCSH1FGiwJ8EpTiJs4PqVmkjdvv9v8aKX6Fhjw172zijljFTN4s18iUwWe-ytmTUFPesrOn2ZKVhzNU3yKNCKHi_SoDSqk7bXs3VBGxeiwRm0KExbWLqfdE_31AVqVr_U-iqgvgBHwPE8z_8KOB7tkfhsI1dKa-mWmldQI8XvCGqQvRZWCKcEoN1rnjLHtGdQA2dK62csz30LDGoodHBs3xc-LVB-Ubo9QA35Nv2B6Q0mWnmrzebpVduTalh4Ay2oLLf90YVnbg6PvwEAAP__i3henQ	kijiji:1740600830	2026-07-29	rejected	Newsletter tracking link (kijiji-1), matches already-rejected "Wow Renover Appartement Verdun" listing, H4G 1V2 wrong prefix
https://email.search.kijiji.ca/c/eJxEzkFugzAQheHTDDsQM4MNWXhRCSH1FGhiD8EpTiIwcP1KTaRu3_8tXnBInTZUqMO2M8ydQS5m10pt_XUylnBqvVJAKzU1GIygn2QqoqOabN3SBQ2h4Qpt21xt5xvT-WDoCk29qax-rn7iPd5j5aVY3JzzawP-AhqAhvM8_yvQcJRH1LMMmiUuWzXntAAPEr4DcI8tX7oLW2Qgu-c0Jg1xT8C9JonLZ9ye--oVuN_k0FC-L3yal_SSeHsA9-k2_oHxDUZZdM3F6uSVy1Oyn3WFppZtvu2Pyj9TcTj6DQAA___U7170	kijiji:1739893613	2026-07-29	rejected	Newsletter tracking link (kijiji-1), matches already-rejected "5 et demi dans Verdun Inclus 4 electromenagers" listing, 875 sqft on card
https://email.search.kijiji.ca/c/eJxEzkFugzAQheHTDDsQnsHYLLyohJB6CjTYQ3CKkwgMXL9SE6nb93-LF5xCKw0W4pSxmshqRcXiZiM8WcuzwW7ys0YOPM220RS06sQX0WGNbW2wUxqVpkq1ppla6xttfdA4QVPvwptfqp94j_dYeS5Wt-T82oG-AAfA4bqu_wo4nOUZ5SqDZI7rXi05rUADh-8A1CtDplVdazRge-Q0JgnxSEC9JI7rZ9yfx-YFqN_5lFC-L3ya5_TieHsA9ek2_oHxDUZeZcvF5viVy4uzX2SDpuZ9uR2Pyj9TcTr8DQAA__9hE193	kijiji:1737619675	2026-07-29	rejected	Newsletter tracking link (kijiji-1), matches already-rejected "Verdun 4 Metro LaSalle de l'Eglise" listing, H4G 3C5 wrong prefix
https://email.search.kijiji.ca/c/eJxEzkFugzAQheHTDDsQnsFgFl5UQkg9BRrsSXCKE4QNXL9SE6nb93-L561CIw0WYlVnNJHRiorFuptnplm71jPz3Pm-RuU8oxHqbz0VwWKNbd1hrzQqTZVqu2ZujWu0cV7jDE2dhHe3VD_hER6hclysdsl5S0BfgCPgeF3XfwUcz_IMcpVeMoc1VUuOK9DI_tsDDaprFJIhRMD2yHGK4sMRgQaJHNbPmF7H7gRoSHyKL98XPs1x3Djcn0BDvE9_YHqDiVfZc7Fb3nJ5cXaL7NDUnJb78azcKxanxd8AAAD__3isX34	kijiji:1741238322	2026-07-29	accepted	Newsletter tracking link (kijiji-1), resolves to this run's new accepted row (Verdun H4H 2B2, ad 1741238322)
https://email.search.kijiji.ca/c/eJxEzs2KgzAUxfGniTslufl0kcWACPMUck1uazqmFRP19Qemhdme_29xohfgSEFDXlinpXRayGbxkvTsLL-FeIPo5lvfo7FWOYFgZz3zJnngYLiFXmgQWnbCWDUbF5R2IWqYmeKFcA9L95Me6ZG6gM3ql1q3wuQXg5HBeF3Xf2Uwnu2Z6GojVUxr6ZaaVyZHjN-RyUEYB9YoxXsG5qh5yhTTkZkcKGNaP2N5HXsgJoeCJ8X2feHTAuYN0_3J5JDv0x-Y3mDClfba7B632l5Yw0I7UxzLcj-eXXjl5vTwGwAA__-dDl6z	kijiji:1682764409	2026-07-29	rejected	Newsletter tracking link (kijiji-1), matches recurring MTL-Vida complex, 1011 Blvd Shevchenko H8N 0H2 wrong prefix
https://email.search.kijiji.ca/c/eJxEzkFugzAQheHTmB0Ij8dgFl5UQkg9BRrGk-AUJwgMXL9SE6nb93-LF7wGJwiFeN06a4yz2hSzn9qaBdEiBOsYxfFN665mDLdJs3ARPdTQ1C102oK2ptJNi1PjGK3jYGFSWO9CG8_VT3zER6yYisXPOa-7Ml8KBgXDdV3_VcFwlmeUqwySKS57Nee0KDNQ-A7K9LpFDRpN1ylojpzGJCEeSZleEsXlM-6vY2NRpt_plFC-L3waU1op3p_K9Ok-_oHxDUZaZMvF5mnN5UWZZ9kU1rTP9-NZ8SsVp4ffAAAA___d1V77	kijiji:1741214399	2026-07-29	rejected	Newsletter tracking link (kijiji-1), resolves via redirect to already-rejected "Cession de bail" listing (750 sqft, Ile-des-Soeurs)
https://email.search.kijiji.ca/c/eJxEzsGOrCAQheGnKXcaoABxweImxuQ-hSmhpqVHujuC-vqTTHcy2_N_ixO9VI61atjL3hlEZ3vRrD5E21v8cou0xNFiiHoJUhtj0IRhiU3ySigrejVII5QZOrFoZ9GQcboXdnGgRWHaw9p9p3u6py5Qs_m11lcB_AdqAjVd1_VXQU1neya-2siV0la6teYNcKL4PwKOssfBDWglgrJHzXPmmI4MOHKmtH3G8jz2wIBjoZNj-77waYHyi9LtATjm2_wL5jeYaeO9NrunV20vqmHlHbSgst6ORxeeuTm9-gkAAP__evhehQ	kijiji:1739893613	2026-07-29	rejected	Newsletter tracking link (kijiji-2), duplicate of already-rejected "5 et demi dans Verdun Inclus 4 electromenagers" listing, 875 sqft on card
https://email.search.kijiji.ca/c/eJxEzsGOgyAQxvGnwZsGZkDxwGETY7JPYUaYVrrSGkF9_U22Tfb6_X-HLzgFljVU7FRnDaJtO1ktjpEUApAyiMzm1gdEa7tZzvPN9r2vogMJreygV0aC6Rs5a9uiIWN1J9vZCi0z0-6X5ic-4iM2nqrVLaVsWeCXgFHAeF3XfxUwnvUZ-aoDF4prbpaSVoEjhe8gcFCdVqBNq6WA9ihpShzikQQOnCiunzG_jt2zwCHTyaF-X_g0T2mjeH8KHNJ9-gPTG0y08l6q3dFW6ouKX3gXWlJe7sez8a9UnQ5-AwAA__8Nv14W	kijiji:1741245640	2026-07-29	rejected	Newsletter tracking link (kijiji-2), resolves to this run's card-level reject (H8N 2E9, 850 sqft)
https://email.search.kijiji.ca/c/eJxEzkFugzAQheHTDDuQmbGxWXhRCSH1FGgwk-AUJwgMXL9SE6nb93-LN_kanWgsxNfWGSLXWFXMXmkt7sajMaNRdhw1IbfiLN1Ca5sgRfSosFEW29ooNG2lRu0aMmyctqoZHWi1C29hrn7iIz5iFbhY_JzzugN9AfaA_XVd_xWwP8szylVOkjkuezXntAD1PH1PQF1tdY3kCBGwOXIakkzxSECdJI7LZ9xfxxYEqNv5lKl8X_i0wGnleH8Cdek-_IHhDQZeZMvF5nnN5cU5zLKBVrzP9-NZhVcqTo-_AQAA__9D9V5K	kijiji:1741238322	2026-07-29	accepted	Newsletter tracking link (kijiji-2), resolves to this run's new accepted row (Verdun H4H 2B2, ad 1741238322)
https://email.search.kijiji.ca/c/eJxEzk1ugzAQxfHTmB3IzPiLhReVEFJPgSb2JDjFSYQNXL9SE6nb9_8tXvQ9OFbQsO-t04jOWNksHtCyDXilqNRVsVFmAHR6sAT6Qj00yYMEIy0MvZagh05elDOoSTtlpbk4oWRh2sLS_aR7uqcuULP6pdZXEfglYBIwnef5XwVMR3skPtvIldJauqXmVeBE8TsKHHvjwBql5CDA7DXPmWPas8CRM6X1M5bnvgUWOBY6OLbvC58WKL8o3R4Cx3yb_8D8BjOtvNVm8_Sq7Uk1LLwJJakst_3RhWduDg-_AQAA__-8Il3G	kijiji:1682764409	2026-07-29	rejected	Newsletter tracking link (kijiji-2), duplicate of recurring MTL-Vida complex, H8N 0H2 wrong prefix
https://email.search.kijiji.ca/c/eJxEzs2KgzAUxfGniTsluTdfLrIYEGGeQq7JpaZj2qJRX39gWpjt-f8WJwUFnjU0HJTzBtFbJ5slRNQcyRoDiTTxjL2fe0oSvPOKZ9_kABKsdNArI8H0nZy1t2jIeO2knb3Qcmfa4tL95Hu-5y5Ss4al1tcu8EvAKGC8ruu_ChjP9sx8tYkr5XXvllpWgSOl7yRwUA6V81YZEGCPWqbCKR9F4MCF8voZ9-exRRY47HRyat8XPi1SeVG-PQQO5Tb9gekNJlp5q80W6FXbi2pceBNa0r7cjkcXn6U5A_wGAAD__3atXno	kijiji:1731786152	2026-07-29	rejected	Newsletter tracking link (kijiji-2), duplicate of already-rejected "PROMO 4.5 Appartement LaSalle Communaute Univert", H8R 0C9 wrong prefix
https://email.search.kijiji.ca/c/eJxEzsGOgyAQxvGnwZsGZxDwwGETY7JPYUaYVrrSGkF9_U22Tfb6_X-HL7gWLCuo2LXGdohWG1kt7gZ2hpu2Xilv7Ww8a3mzqLEPvZy1rKIDCVoa6NtOQtc3clZWY0edVUbq2QolM9Pul-YnPuIjNp6q1S2lbFngl4BRwHhd138VMJ71GfmqAxeKa26WklaBI4XvIHBojZKoetO1AvRR0pQ4xCMJHDhRXD9jfh27Z4FDppND_b7waZ7SRvH-FDik-_QHpjeYaOW9VLujrdQXFb_wLpSkvNyPZ-NfqTod_AYAAP__91Rd_A	kijiji:1740349751	2026-07-29	rejected	Newsletter tracking link (kijiji-2), duplicate of already-rejected "4.5 Condo LaSalle Montreal-9431", 800 sqft on card
https://www.kijiji.ca/v-apartments-condos/ville-de-montreal/excellent-4-5-with-all-appliances-near-canal-lachine/1741274516	kijiji:1741274516	2026-07-30	rejected	Card-level reject: 800 sqft on card
https://www.kijiji.ca/v-apartments-condos/ville-de-montreal/louer-appartement/1741295962	kijiji:1741295962	2026-07-30	rejected	Card-level reject: 800 sqft on card
https://www.kijiji.ca/v-apartments-condos/ville-de-montreal/4-1-2-apartments-for-rent-in-lasalle/1741309093	kijiji:1741309093	2026-07-30	rejected	Card-level reject: 750 sqft on card
https://www.kijiji.ca/v-apartments-condos/ville-de-montreal/clean-bright-4-apartment-for-rent-le-sud-ouest-1-250-month/1741310859	kijiji:1741310859	2026-07-30	rejected	Card-level reject: 750 sqft on card
https://www.kijiji.ca/v-apartments-condos/ville-de-montreal/amazing-4-5-upper-unit-water-front-boul-lasalle/1741278827	kijiji:1741278827	2026-07-30	rejected	Detail page rental location is H8R 2M4 wrong postal prefix
https://www.kijiji.ca/v-apartments-condos/ville-de-montreal/lasalle-3-chambres-rez-de-chaussee-rue-boivin/1741279790	kijiji:1741279790	2026-07-30	rejected	Detail page rental location is H8R 2E2 wrong postal prefix
https://www.kijiji.ca/v-apartments-condos/ville-de-montreal/lasalle-grand-4-disponible-pour-aout-ou-septembre/1741294405	kijiji:1741294405	2026-07-30	rejected	Detail page rental location is H8R 2A7 wrong postal prefix
https://www.kijiji.ca/v-apartments-condos/ville-de-montreal/4-renove-monk-1er-mois-gratuit-cession-de-bail-1er-sept/1741311463	kijiji:1741311463	2026-07-30	rejected	Detail page rental location is H4E 2X5 wrong postal prefix
https://www.kijiji.ca/v-apartments-condos/ville-de-montreal/2-bathroom-2-parking-1-min-metro-huge-terrase-duplex/1741311956	kijiji:1741311956	2026-07-30	rejected	Exact address 5048 Boulevard Champlain geocoded to H4E 4J6 wrong postal prefix
https://www.kijiji.ca/v-apartments-condos/ville-de-montreal/metro-monk-beau-4-1-2-2e-etage-grand-balcons/1741314068	kijiji:1741314068	2026-07-30	rejected	Detail page rental location is H4E 4B2 wrong postal prefix
https://www.kijiji.ca/v-apartments-condos/ville-de-montreal/ville-lasalle-4-5-enhaut-tranquille-aug-ou-sept/1741314338	kijiji:1741314338	2026-07-30	rejected	Detail page rental location is H8N 1K4 wrong postal prefix
https://www.facebook.com/marketplace/item/1395314129146535/	facebook:1395314129146535	2026-07-30	rejected	Description confirms situe au niveau sous-sol basement-level unit, 5990 Rue Beurling
https://www.facebook.com/marketplace/item/1771270757647719/	facebook:1771270757647719	2026-07-30	rejected	Detail page confirms 800 square feet under 900 sqft minimum
https://www.facebook.com/marketplace/item/1974509369874524/	facebook:1974509369874524	2026-07-30	accepted	641 Avenue Manning geocoded to H4H 2B3, ground floor, basement only for laundry/storage, accepted
https://clicks.zumper.com/f/a/DcbUrFGsi3LqFFxdCtWz3Q~~/AAPDZhA~/ygkdJsLKqzf5kFJNDl-LUsiAoW4o0s4mDvXslS5wyDMmJ3ydEPu04pAfjRaqJNagrwCQOwTDY0npXMazADdGwqS6LqEpyu2VSlcr7LTmgQqk9xWx9D-136bhx_eOyCZ6o16Gk2yv2Lr6HF1pga856zIZ-AVNdGJzBDvSpvg0kM3eQO7RWIafNJ623TqrbgpEFy7CC-OG0juDupL7z6pUWZ9L-cyzQ46TB7OQ4wKCAkTth3zyZAmigKsTJ-xGK7Dg-VFe3LnVXzMwJs1WQI5SPlQj_BG0DzxPBRQbjU2-C2e3C6qS5BXpXw1sAhQ9LHy7stj5KRoB_8mYKBkqANstE0uR2TniXzUAv03ayPPDpfSiQejq2MUit8Oh0SGf1SWyrVJ_zE5EVPvBuC82kCV8YA~~	zumper:28849416p	2026-07-30	rejected	Newsletter tracking link resolved to 6220 Rue Hamilton, H4E 3C4 wrong postal prefix
https://clicks.zumper.com/f/a/FvLtzCYAgBACr9N-DGPMWg~~/AAPDZhA~/AacUbrWxUF4HYn3t8KqU41WOxfwgQOKRul3IVb5x5wl8RqeeJPUB0r545lCz_5thZOK0aXObwgi2XHDc8GyXmtA1D0f4ODW3-tF67Eq66Rjbw8_nNcDO7Midzyh8AB17qEjsvqml5iREHfGIp5bcCaDxjG9MH6GFNhXofZYcS-SAJR6NAGFoFi_9N5K6gfRIiPttZQixPPkAm5ZKjtpS81zfB4IlVyALsc-WcpltxYrsClRS7nzHKrSfV6AZrD4BjTAaw4xS-rXpIW1V4puWBUPoa8wG_NU0WdvYeAl39ILMHesbjwwmWR1yiFy0evAmU4ntkVIYmNme5Wt7fx87I2QDzWOK07UPRd-1XSKdEqnsG9qcd-6H1oGiaqxjgBKtSUdp8OeaY33PyHYzgqrivQ~~	zumper:26190785p	2026-07-30	rejected	Newsletter tracking link resolved to 6409 Rue Dumas, H4E 2Z8 wrong postal prefix
https://email.search.kijiji.ca/c/eJxEzkFugzAQheHTmB3IM2NsWHhRCSH1FGhiJsEpTiJs4PqVmkjdvv9bvNkDdmKwEg-ua1vQ1rXV4p21jP21NyRCcL2wEIgjh6HX9sK6ih41Wu0IoAUA01DnLiA9BAQ0HWpldBbewtL8xHu8xyZwtfqllFdW9KVwVDie5_lfFY5HfUQ561kKxzU3S0mropHn71nRAM4AGehtq9DuJU1J5rgnRYMkjutnzM99C6JoyHzIXL8vfFrg9OJ4eyga0m36A9MbTLzKVqrN86vUJ5ewyKaM5rzc9kcTnqk6PP4GAAD___X2Xfs	kijiji:1741341965	2026-07-31	rejected	Newsletter tracking link; 700 sqft, below 900 sqft minimum (H4H 1X2 prefix ok)
https://email.search.kijiji.ca/c/eJxEzkFugzAQheHTmB3IMwO2WXhRCSH1FGhiT4JTnERg4PqVmkjdvv9bvOgBnbRYiQfrug60sV01ey0d64vh6xWsFaI-2vaCjlwUMmRNlTxqNNoSQAcAbUPOXkB6CAjYOtSq1ZvwGubmJ93TPTWBq8XPpbw2RV8KR4XjeZ7_VeF41EeSs45SOC1bM5e8KBo5fkdFA1jqe9M7oxWaveQpS0x7VjRI5rR8xu25r0EUDRsfEuv3hU8LnF-cbg9FQ75Nf2B6g4kXWUu1en6V-uQSZllVq3mbb_ujCc9cHR5_AwAA___dcV3l	kijiji:1739969860	2026-07-31	rejected	Newsletter tracking link; Detail page confirms 700 rue de Gaspe, H3E 1H2 (L'Ile-des-Soeurs), wrong postal prefix
https://email.search.kijiji.ca/c/eJxEzsGOgyAQxvGnwZuGGUDwwGETY7JPYaYwVrrSGkV9_U22Tfb6_X-HL3pAxxor9mCdMSBba6rZT0a1BiXLLth26sBZq42LNw3dNBFylTxKbKVVAAYAdKOcvQF3EBBQO5RCy51pC3Pzkx7pkZpA1eLnUtZdqC-Bg8Dhuq7_KnA46zPxVUculJa9mUtehBoofkeherAalHJtpwS2R8lj5piOLFTPmdLyGffXsQUWqt_p5Fi_L3xaoLxSuj-F6vN9_APjG4y08FaqzdNa6otKmHkTWtI-349nE165Oj3-BgAA__-m7F21	kijiji:1741338693	2026-07-31	rejected	Newsletter tracking link; Detail page confirms Cote-Saint-Paul/Le Sud-Ouest, H4E 4A2, wrong postal prefix
https://email.search.kijiji.ca/c/eJxEzrGOqzAQheGnGTqQZ2ywU7i4EkK6T4Em9mxwFicRNvD6K20ibXv-rzjRIzkx1IhH6_oe1WD7ZvFfiM5eBqu0uqI1PQbHwfTOhcjM6JrkSdGgrEbsEdF02tkrygUDIRlHCowqwltYuu90T_fUBW5Wv9T6KqD_AU1A03mefxVoOtojydlGqZzW0i01r6Anjv8j6BGtUWQ1Ogs07DXPWWLaM-hRMqf1M5bnvgUBPRY-JLbvC58WOL843R6gx3ybf8H8BjOvstVm8_yq7ck1LLKBUVyW2_7owjM3h6efAAAA__-JL12X	kijiji:1740273187	2026-07-31	rejected	Newsletter tracking link; Matches already-rejected ad (4e Avenue, Verdun), H4G prefix and 800 sqft under minimum
https://email.search.kijiji.ca/c/eJxEzsGKgzAQxvGnGW9KZhKb9JDDggj7FDJNhpquacVEff2FbWGv3_93-KJHcmKoEY_W9T2qi-2b2SOisjcTHd1ItNMS0GLUDoMxSvG1SZ4UXZTViD0imk47e0O5YiAk40iBUUV4C3P3kx7pkbrAzeLnWtcC-gtoBBrP8_yvQOPRHknONkrltJRurnkBPXL8jqAHtEaRJeMM0GWvecoS055BD5I5LZ-xvPYtCOih8CGxfV_4tMB55XR_gh7yffoD0xtMvMhWm83zWtuTa5hlA6O4zPf92YVXbg5PvwEAAP__SwZdUg	kijiji:1740272484	2026-07-31	rejected	Newsletter tracking link; Matches already-rejected ad (4e Avenue, Verdun), H4G prefix and 800 sqft under minimum
https://email.search.kijiji.ca/c/eJxEzsGOqzAMheGnMTtQbBNCF1lcCSHdp0Bu8JR0SFuRAK8_0rTSbM__Lc7skXptqVKPrrcWTedstfgrKTsXrJB8XY1atsSixnQWLV4cVtGToc44RrSI2DbcuyvqBQMhtT0ZaE1W2cLSfMd7vMcmSLX6pZRXBv4HNAKN53n-VaDxqI-oZz1rkbjmZilpBR5l_j8DD-haZHIXx0DdXtKUdI57Ah40SVw_Y37uW1DgIcuhc_2-8GlB0kvi7QE8pNv0C6Y3mGTVrVSbl1epTylh0Q1aI3m57Y8mPFN1ePoJAAD__4vDXYo	kijiji:1741327973	2026-07-31	rejected	Newsletter tracking link; Detail page confirms Verdun, H4G 2W5, wrong postal prefix
https://email.search.kijiji.ca/c/eJxEzsGKrDAQheGnKXdKqhKTuMjiggj3KaQmVrfpMd2iUV9_YLphtuf_FmcKSF4MVRLQ-bZFZV1bzcHpG6K3sYveE6O3nXPMSrmbVZpUW6VAiqxyGrFFRNNo775QOoyEZDwpMGoX3uLcfKdHeqQmcrWEuZR1B_0PaAAaruv6q0DDWZ9JrnqSwmnZm7nkBfTA0_8JdI_Wk7PGqA7IHiWPWaZ0ZNC9ZE7LZ9xfxxYFdL_zKVP9vvBpkfPK6f4E3ef7-AvGNxh5ka1UW-C11BeXOMsGRvE-349nE1-5OgP9BAAA__8NtV0W	kijiji:1682764409	2026-07-31	rejected	Newsletter tracking link; Detail page confirms 1011 blvd Shevchenko, LaSalle, H8N 0H2, wrong postal prefix
https://email.search.kijiji.ca/c/eJxEzsGKgzAQxvGniTclM5NEc8hhQYR9CpnGoaZrWtGor7-wLez1-_8O3xQAOzFYSYC2sxa0a201hxu4m0dy1muP1pOAcZEsWkforPZVCqjR6ZYALACYhrr2BuIhIqDpUCujd-Etzs1PeqRHaiJXS5hLWXdFXwoHhcN1Xf9V4XDWZ5KrnqRwWvZmLnlRNPD0PSnqoTVASOi1QneUPGaZ0pEV9ZI5LZ9xfx1bFEX9zqdM9fvCp0XOK6f7U1Gf7-MfGN9g5EW2Um2B11JfXOIsmzKa9_l-PJv4ytUZ8DcAAP__eCJceg	kijiji:1741323290	2026-07-31	rejected	Newsletter tracking link; Detail page confirms Montreal, H4E 1P3, wrong postal prefix
https://email.search.kijiji.ca/c/eJxEzkuOqzAQheHVmBnIVWXzGHhwJYR0V4Gq7SI4jZMIG9h-S51IPT3_NzjBAfZisBIHXW8tAFJbrW4wi-WhM9AvZFvDFhch8zWY3lrWva6iQ42t7gjAoqa2EW89dtb40APIEpTRWXj3a_Md7_EeG8_V5tZSXlnRP4WTwum6rr-qcDrrM8pVBykct9ysJW2KJg7_g6IROgNkYGitwvYoaU4S4pEUjZI4bp8xP4_di6Ix8ymhfl_4NM_pxfH2UDSm2_wL5jeYeZO9VLvjV6kvLn6VXRnNeb0dj8Y_U3U6_AkAAP__FExeQQ	kijiji:1741341965	2026-07-31	rejected	Newsletter tracking link; 700 sqft, below 900 sqft minimum (H4H 1X2 prefix ok)
https://email.search.kijiji.ca/c/eJxEzkFugzAQheHTmB3IM2NjsvCiEkLqKdDEHoJTnERg4PqVmkjdvv9bvOgBOzFYiQfXWQuA1Fazv0JLfO3cBNBao4EnoBjdBa2NDi5TlTxqbLUjAIua2kaCDeisCbEDkCkqozfhNczNT7qne2oCV4ufS3ltir4UDgqH8zz_q8LhqI8kZx2lcFq2Zi55UTRw_I6KenBGk7k4CwrbveQxS0x7VtRL5rR8xu25r0EU9RsfEuv3hU8LnF-cbg9Ffb6Nf2B8g5EXWUu1en6V-uQSZlmV0bzNt_3RhGeuDo-_AQAA__9iH16P	kijiji:1740349751	2026-07-31	rejected	Newsletter tracking link; Matches already-rejected recurring LaSalle ad, H8N 1K4 wrong prefix and 800 sqft under minimum
https://email.search.kijiji.ca/c/eJxEzk1ugzAQxfHTDDuQPf7CCy8qIaSeAk3sSXCKkwgMXL9SE6nb9_8tXgoSe9bYcJCuN0ZKVLaZA0tn6MJXL5BN751Lylt_4Yv2Xl_RNzmgQCucktKgULbjaCI6o2PqpeRrAi02pjXO3U--53vuIjVLmGt9baC-AEfA8TzP_wo4Hu2R-WwTV8rL1s21LKBGSt8J1CBtj85qLTyg3WuZCqe8F1ADF8rLZ9ye-xoZ1LDRwal9X_i0SOVF-fYANZTb9AemN5ho4bU2a6BXbU-qceYVtKBtvu2PLj5LcwT8DQAA___Ay17s	kijiji:1682764409	2026-07-31	rejected	Newsletter tracking link; Detail page confirms 1011 blvd Shevchenko, LaSalle, H8N 0H2, wrong postal prefix
https://email.search.kijiji.ca/c/eJxEzk1ugzAQxfHTmB2IGX-RhReVEFJPgabjaXCKkwgbuH6lJlK37_9bvBgABzHYSAA_WAuA2jVLcB7IXLy-2MEjfCEx-96IXIx1zjE1KWCPrvcawGKvXSdsGb01HAcA-Y7K9EVo46X7Sbd0Sx1Ts4al1mdR-kPhpHA6z_O_KpyO9khytlEqpbV0S82r0hPFz6j0CF6DHxxYVOj2mucsMe1Z6VEypfU9lse-sSg9Fjoktq8L78aUn5Sud6XHfJ3_wPwCM62y1WYL9KztSZUX2ZTpqSzX_d7xIzdHwN8AAAD__zkVXm0	kijiji:1731786152	2026-07-31	rejected	Newsletter tracking link; Matches already-rejected ad, 9435 rue Jean-Milot LaSalle H8R 0C9, wrong postal prefix
https://email.search.kijiji.ca/c/eJxEzkuOqzAQheHVmBnILj8ZeHAlhHRXgYpydXAaJxEY2H5LnUg9Pf83OCkqCGyg4ah8sFYp0K5ZIuNMoZcuGN_PfXDJkSXtvZntzFLOTY4gwUmvlbIgteuYLIG3hlJQir-SMHJn3GjpvvM933NH2KxxqfW1C_1PwChgvK7rrwoYz_bMfLWJK-Z175ZaVqFHTP-T0IPyRmkwfZAC3FHLVDjlowg9cMG8fsb9eWzEQg87npza94VPIywvzLeH0EO5Tb9geoMJV95qs0V81fbCSgtvwkjcl9vx6OhZmjPCTwAAAP__1UZe_g	kijiji:1741324980	2026-07-31	rejected	Newsletter tracking link; Detail page confirms Lasalle H8P 1P3 but 800 sqft, below 900 sqft minimum
https://email.search.kijiji.ca/c/eJxEzsGKgzAQxvGnGW-KM2OiHnJYEGGfQoZkWtM1rWjU11_YFvb6_X-HLzikThsq1GHbGYNIbIvZtV1vpbcspu-sVY8SbmKlV8OCN8NFdFSTrVtGNFSzrdQbT61pfOgQ9RagqXeVzc_VT3zER6y8FIubc1534C-gEWi8ruu_Ao1neUa9yqBZ4rJXc04L8CjhOwAP2DbIxNTXQPbIaUoa4pGAB00Sl8-4v47NK_Cwy6mhfF_4NC9plXh_Ag_pPv2B6Q0mWXTLxeZkzeUl2c-6QVPLPt-PZ-VfqTgd_QYAAP__0O1e_A	kijiji:1741323290	2026-07-31	rejected	Newsletter tracking link; Detail page confirms Montreal, H4E 1P3, wrong postal prefix
https://email.search.kijiji.ca/c/eJxEzkFugzAQheHTmB2ImbGxN15UQkg9BRrsSXCKEwQGrl-pidTt-7_Fix7QicZKPFhnDABSV80egoMJkfgWndHuJg4gWEM62Glyk6mSxxa71hKAwZa6RoIJaI0O0QHILSrd7sJbmJuf9EiP1ASuFj-Xsu6KvhQOCofruv6rwuGszyRXHaVwWvZmLnlRNHD8jop6sBoIrEVS2B0lj1liOrKiXjKn5TPur2MLoqjf-ZRYvy98WuC8cro_FfX5Pv6B8Q1GXmQr1eZ5LfXFJcyyKd3yPt-PZxNeuTo9_gYAAP__wW1e7A	kijiji:1741317723	2026-07-31	accepted	Newsletter tracking link; Superbe 5 1/2 a Verdun, Rue Brault, H4H 2B2; 2 bedrooms + office, 2nd floor of quadruplex, in-unit laundry, not below-grade; new accepted row
https://email.search.kijiji.ca/c/eJxEjkFugzAQRU8z7ECescF04UUlhNRToIk9CU5xgrCB61dtInXzF_-9xQsOqRdDlTi0fdsiku6q2Yl8sFixFyPSejHq-jvWdv3V4AWxio4UdcpqxJaU7hrxrSfbGh96RLkGMCoLb35uvuM93mPjuVrcXMqaQX8CjUDjeZ7_FGg86iPKWQcpHJfczCUtoEcOXwH0gNagRqO6HqjbS5qShLgn0IMkjsv7zM998wJ6yHxIqF8Jb-Y5rRxvD9BDuk1_wvQSJl5kK9XmeC31ycXPsoFRnOfb_mj8M1WHo58AAAD__2gkX4M	kijiji:1741314068	2026-07-31	rejected	Newsletter tracking link; Matches already-rejected ad, detail page confirms Montreal H4E 4B2, wrong postal prefix
https://www.kijiji.ca/v-apartments-condos/ville-de-montreal/charming-2-bedroom-with-appliances-in-sud-ouest-parking/1741320225	kijiji:1741320225	2026-07-31	rejected	Detail page confirms Montreal H4E 3M8 (Sud-Ouest), wrong postal prefix
https://www.kijiji.ca/v-apartments-condos/ville-de-montreal/5-1-2-renove-3-chambres-metro-angrignon-electros-inc-1950/1741352084	kijiji:1741352084	2026-07-31	rejected	Detail page confirms Montreal H4E (Ville-Emard), wrong postal prefix
https://www.kijiji.ca/v-apartments-condos/ville-de-montreal/5-1-2-a-louer-verdun/1741356347	kijiji:1741356347	2026-07-31	rejected	Detail page confirms Verdun H4G 1B5, wrong postal prefix
https://www.centris.ca/en/condos-apartments~for-rent~montreal-lasalle/22019743	centris:22019743	2026-07-31	rejected	7885 Rue Centrale, LaSalle; detail page confirms 875 sqft, under 900 sqft minimum
https://duproprio.com/en/1120383	duproprio:1120383	2026-07-31	rejected	300 Rue Rielle, Verdun geocoded to H4G 1M3, wrong postal prefix
https://www.apartments.com/genia-apartments-lasalle-qc/vdn28wf/	apartments:vdn28wf	2026-07-31	accepted	GENIA Apartments, 8200 Rue George, LaSalle H8P 3T6; 3BR floor plans at 1,028/1,108 sqft meet minimum; new accepted row
https://www.apartments.com/714-rue-riverview-verdun-qc/wcnjz6k/	apartments:wcnjz6k	2026-07-31	rejected	Same address as already-rejected padmapper 714 Avenue Riverview H4H 2C1, 765 sqft under 900 sqft minimum
https://www.apartments.com/300-rue-rielle-montreal-qc/ybsfp6v/	apartments:ybsfp6v	2026-07-31	rejected	300 Rue Rielle card shows H4G 2S7, wrong postal prefix (matches duproprio 1120383 same address)
https://www.facebook.com/marketplace/item/1023038767169105/	fb:1023038767169105	2026-07-31	rejected	8550 Rue Jean-Brillon, LaSalle geocoded to H8N 2J1, wrong postal prefix
https://www.facebook.com/marketplace/item/1694002291814362/	fb:1694002291814362	2026-07-31	rejected	8530 Rue Jean-Brillon, LaSalle geocoded to H8N 2J1, wrong postal prefix
https://www.facebook.com/marketplace/item/3437284556451412/	fb:3437284556451412	2026-07-31	rejected	8530 Rue Jean-Brillon, LaSalle geocoded to H8N 2J1, wrong postal prefix (duplicate cross-post)
https://www.facebook.com/marketplace/item/2290714078423657/	fb:2290714078423657	2026-07-31	accepted	2e Avenue, LaSalle H8P 2G5, 1300 sqft, 2BR, 2nd floor of duplex; new accepted row
https://email.search.kijiji.ca/c/eJxEzsGOgyAQxvGnwZuGGUDwwGETY7JPYUaYVLrSNoL6-ptsm-z1-_8OX_SAjjU27ME6YwYrQTerN2hwAYMRnOWBh4WMCr2ERfLgFkNN8iixl04CGJCgO2u5X2zUjoGcBC20LEx7WLufdE_31AVqNr_W-ipCfQmcBE7Xdf1XgdPZnomvNnKltJVurXkTaqL4HYUawWpQzgwIAvuj5jlzTEcWauRMafuM5XnsgYUaC50c2_eFTwuUX5RuD6HGfJv_wPwGM22812b39KrtRTWsvAstqay349GFZ25Oj78BAAD__xcIXjE	kijiji:1741385921	2026-08-01	rejected	Newsletter tracking link (kijiji-1); matches new candidate 1741385921, 1149 Woodland Ave; street geocodes to H4E 2J6 and Kijiji's own neighbourhood module confirms Cote-Saint-Paul, not Verdun despite ad text, wrong postal prefix
https://email.search.kijiji.ca/c/eJxEzk1ugzAQxfHTDDvQePwRs_CiEkLqKdDEHgWnOInAwPUrNZG6ff_f4qWgyIuhRoK6eGv7S4_YzCFejfV9MsYmNImdcqjEe6FIRvjqmxwIyaFHpSxZxC5xj9pb5yjGyNaBwU14jXP3k-_5nrvIzRLmWl8b6C-gEWg8z_O_Ao1He2Q52ySV87J1cy0L6JHTdwI9qItR2tueFJDba5mKpLwX0IMUzstn3J77GgX0sPEhqX1f-LTI5cX59gA9lNv0B6Y3mHiRtTZr4FdtT65xlhUM8jbf9kcXn6U5Av0GAAD__3bFXpQ	kijiji:1741385921	2026-08-01	rejected	Newsletter tracking link (kijiji-2); duplicate of same 1149 Woodland Ave candidate, H4E wrong postal prefix
https://email.search.kijiji.ca/c/eJxEzrGOqzAQheGnMR3IM2OwU7i4EkK6T4Fm7UlwFicRNvD6K20ibXv-rzjRAzox2IgH6_r-YjWYZvGG-ALB8NVerhQlBsYwWCTRdCWL3CSPGgftNEAPGkxnrQxfNhonwE6DUUYX4S0s3Xe6p3vqAjerX2p9FUX_FE4Kp_M8_6rC6WiPJGcbpXJaS7fUvCqaOP6PikawpHvrwPUKh73mOUtMe1Y0Sua0fsby3LcgisbCh8T2feHTAucXp9tD0Zhv8y-Y32DmVbbabJ5ftT25hkU2ZTSX5bY_uvDMzeHxJwAA__-x8V7E	kijiji:1730578185	2026-08-01	accepted	Newsletter tracking link (kijiji-1); duplicate of existing accepted row in docs (4.5 Style Condo Semi-Meuble 1550$, same title)
https://email.search.kijiji.ca/c/eJxEzsGKrDAQheGnKXdKUjExvcjiggj3KaSo1LTpMd1ior7-wHTDbM__LU4MGr302EjQg7f2NtyUapaAOjpBF4WYPLL2gxi0HNF_DZH6vkkBFTrlldYWrVJdpJsy3jqHzEzWQa-K0M5L950e6ZE6pmYNS61bAfMPcAKcruv6q4DT2Z5JrjZKpbSWbql5BTNR_B_BjHowyg5eewvojprnLDEdGcwomdL6Gcvr2FnAjIVOie37wqcx5Y3S_QlmzPf5F8xvMNMqe232QFttL6q8yA69orLcj2fHr9ycAX8CAAD__9xDXvc	kijiji:1730578185	2026-08-01	accepted	Newsletter tracking link (kijiji-2); duplicate of existing accepted row in docs (4.5 Style Condo Semi-Meuble 1550$, same title)
https://email.search.kijiji.ca/c/eJxEzsGKrDAQheGnKXdKKilNXGRxQYT7FFImNW16THejUV9_YLphtuf_Fid61E5IV-LRurbtrUKqFh_JdWQMBXLkMPb4ZWbNcQ7Cs6LYV8lrpTvlFGKLCqmxVrrZRnKC7BQSkNqFt7A03-me7qkJXK1-KeW1g_kHegQ9Xtf1V0GPZ30mueoohdO6N0vJK5iR4_8IZkCrHbreth3o7ih5yhLTkcEMkjmtn3F_HlsQMMPOp8T6feHTAucXp9sDzJBv0y-Y3mDiVbZSbZ5fpb64hEU2IMX7cjseTXjm6vT6JwAA__98FV6f	kijiji:1728189756	2026-08-01	rejected	Newsletter tracking link (kijiji-1); matches new candidate 1728189756, detail page confirms 1732 Avenue Dollard, Montreal H8N 1T8, wrong postal prefix
https://email.search.kijiji.ca/c/eJxEzrGOqzAQheGnMR3IMx5sp3BxJYR0nwJN8GxwFicRNvD6K20ibXv-rzgxAHohbCSA831_cRqoWYK5WE9fEawIaXDeuN6gFb4i9V5736SAGq32GqAHDdQ5J_bqInkB9hpIkS7C27x03-me7qmbuVnDUuurKPNP4ahwPM_zryocj_ZIcrZRKqe1dEvNqzIjx_9RmQGsR2eJ9EWh3WuessS0Z2UGyZzWz1ie-zaLMkPhQ2L7vvBpM-cXp9tDmSHfpl8wvcHEq2y12QK_antynRfZFGkuy21_dPMzN0fAnwAAAP__c6JdjA	kijiji:vida-1011-blvd-shevchenko	2026-08-01	rejected	Newsletter tracking link (kijiji-1); matches recurring MTL-Vida complex, 1011 Blvd Shevchenko H8N 0H2 wrong prefix
https://email.search.kijiji.ca/c/eJxEzrGOqzAQheGnMR3IMx6wU7i4EkK6T4Fm7UlwFicRNvD6K20ibXv-rzjRAzohbMSDdX1_sRqoWbzWF6aLQRoM9Xi1IvpK1kW2FIIB2ySPGgftNEAPGqizVoYvG8kJsNNAinQR3sLSfad7uqcucLP6pdZXUeafwknhdJ7nX1U4He2R5GyjVE5r6ZaaV2Umjv-jMiNYA9YN0KPCYa95zhLTnpUZJXNaP2N57lsQZcbCh8T2feHTAucXp9tDmTHf5l8wv8HMq2y12Ty_antyDYtsijSX5bY_uvDMzeHxJwAA__-9B13Z	kijiji:1731786152	2026-08-01	rejected	Newsletter tracking link (kijiji-1); matches already-rejected 9435 rue Jean-Milot LaSalle H8R 0C9 wrong postal prefix
https://email.search.kijiji.ca/c/eJxEzsGKgzAQxvGnGW9KZhJNeshhQYR9ChmToaZrWtGor7-wLez1-_8OX_RITgxV4tG6tr1ZhaaafZgcBR3sxBbxZmKneaLoYhemqaPgquRJUaecQmxRoWmslW6y0ThBdgoNGLULb2FuftIjPVITuFr8XMq6g_4CGoCG67r-K9Bw1meSq45SOC17M5e8gB44fkfQPVqjtLnZFoG6o-QxS0xHBt1L5rR8xv11bEFA9zufEuv3hU8LnFdO9yfoPt_HPzC-wciLbKXaPK-lvriEWTYwivf5fjyb8MrV6ek3AAD__9zoXu4	kijiji:1740349751	2026-08-01	rejected	Newsletter tracking link (kijiji-1); matches already card-rejected listing (800 sqft on card), same recurring title
https://email.search.kijiji.ca/c/eJxEzsGOgyAQxvGnGW8aGBDwwGETY7JPYaYwrXSlbQT19TfZNtnr9_8dvuglOtbYsJfW9f1ghdTN4vvBoTGEcTAmXK7m4gZ3jYTkzJWiwSZ5FGiEE1L2UkjdWcvmYqN2LMkJqUGLwrSFpftJ93RPXaBm9UutrwLqC3ACnM7z_K-A09Eeic82cqW0lm6peQU1UfyOoEZp1aCcdb0CNHvNc-aY9gxq5Exp_YzluW-BQY2FDo7t-8KnBcovSrcHqDHf5j8wv8FMK2-12Ty9antSDQtvoAWV5bY_uvDMzeHxNwAA__-cml68	kijiji:1739387853	2026-08-01	unresolved	Newsletter tracking link (kijiji-1); duplicate of existing unresolved row in docs (Lasalle 4 1/2 for rent / A Louer, same title)
https://email.search.kijiji.ca/c/eJxEzkFugzAQheHTDDvQ2GOws_CiEkLqKdBgT4JTnERg4PqVmkjdvv9bvOiVdmJ0JV5Z17YXi8pUs28vbrqaDsUghQm7GIjx6qag-Up0cVXyGnWHDpVqFSrTWCvdZKNxotihMmBwE17D3Pyke7qnJnC1-LmU1wb0BXoAPZzn-V9BD0d9JDnrKIXTsjVzyQvQwPE7AvXKkiPtFFrQ3V7ymCWmPQP1kjktn3F77msQoH7jQ2L9vvBpgfOL0-0B1Ofb-AfGNxh5kbVUq-dXqU8uYZYVDPI23_ZHE565Orz-DQAA__97916Q	kijiji:1738328107	2026-08-01	rejected	Newsletter tracking link (kijiji-1); matches new candidate 1738328107, detail page confirms Lasalle H8N wrong postal prefix
https://email.search.kijiji.ca/c/eJxEzsGKrDAQheGnKXdKpWI0LrK4IMJ9CqlJqtv0mG4xUV9_YLphtuf_Fic4RVZaqsSp3hoz9ANitbjefw3W9oMIsTW3IHwjaZEtaTGKVBUdIXVoUSlDBrEJPKC2puvIe8-mgxaz8O6X5js-4iM2nqvVLaVsGfQ_oAlouq7rrwJNZ31GueogheOam6WkFfTE4X8APaq-xQ7RagTqjpLmJCEeCfQoieP6GfPr2L2AHjOfEur3hU_znDaO9yfoMd3nXzC_wcyr7KXaHW-lvrj4RXZokfNyP56Nf6XqdPQTAAD__7WUXsQ	kijiji:1740600830	2026-08-01	rejected	Newsletter tracking link (kijiji-2); matches already-rejected Wow Renover Appartement Verdun listing, H4G 1V2 wrong prefix
https://email.search.kijiji.ca/c/eJxEjsGKrDAQAL-mvSmdjol6yOGBCO8rpOlkxsyaGTFRf3_ZnYG9VtWhvFPUh5aq4FTXGzN0A2K1OCuKBftOKUY2_dB26mbkZviHClMVHSFZ7FEpQwax8Tyg7o21JCJsLLSYA--yNF_xER-xEa5Wt5SyZdD_gCag6bquPws0nfUZw1X7UDiuuVlKWkFP7P970KPqWhyIrGqB7FHSnIKPRwI9hsRx_cD8OnYJoMfMZ_D1e-HjhNPG8f4EPab7_BvM72DmNeyl2h1vpb64yBJ2aJHzcj-ejbxSdTr6DgAA__-RiV6u	kijiji:1740922614	2026-08-01	rejected	Newsletter tracking link (kijiji-2); matches already-rejected 5 1/2 3 bedroom Verdun listing, H4G 2X5 wrong prefix
https://email.search.kijiji.ca/c/eJxEzsGKrDAQheGniTslqTLRLLK4IMJ9Cqmu1LTpMd2iUV9_YLphtuf_FicGA720UEkwXW-t77zW1RwQyLNngdZ3Iohobzcnrv0C7vBmdZUCaHC618ZYsFo3kbzG3joHzEzWqVbvQhvPzXd6pEdqmKolzKWsu8J_CkYF43Vdf1XBeNZnkquOUigtezOXvCgcKf6PCgfTIfrOGOwVuKPkKUtMR1Y4SKa0fMb9dWwsCoedTon1-8KnMeWV0v2pcMj36RdMbzDRIluptkBrqS8qPMumWk37fD-eDb9ydQb4CQAA__-BX16c	kijiji:1733971138	2026-08-01	rejected	Newsletter tracking link (kijiji-2); matches new candidate 1733971138 (PH2-3 Elevator, Boulevard de l'Ile-des-Soeurs), card names L'Ile-des-Soeurs directly, wrong postal prefix (H3E)
https://email.search.kijiji.ca/c/eJxEzsGKrDAQheGnKXdKpWKiLrK4IMJ9CimSmk56THdjor7-wHTDbM__LU5wikbpqRGnhtGYaZgQm-i0CdZoHESs_aJgg_K2H3prcGQKhprkCMniiEoZMohd4An1aKwl7z0bCz0W4d3H7jvd0z11npvNxVpfBfQ_oAVoua7rrwItZ3smudogldNWuljzBnrh8D-AntXQKz2qiSYge9S8ZgnpyKBnyZy2z1iex-4F9Fz4lNC-L3ya5_zidHuAnvNt_QXrG6y8yV6b3fGrthdXH2WHHrnE2_Ho_DM3p6OfAAAA___whl4P	kijiji:1741381929	2026-08-01	rejected	Newsletter tracking link (kijiji-2); matches new candidate 1741381929, detail page confirms Verdun H4G 2W7 wrong postal prefix
https://email.search.kijiji.ca/c/eJxEzk1ugzAQxfHTDDvQ-BNYeFEJIfUUaGJPYqc4ibCB61dqInX7_r_FC07IgbVs2Il-MGbsR8QmustVC9Q0XsOImkRgT_pqL37ggL0yQ5OcRGlxQCGMNIhdoBHVYKyV3nsyFjQWps3H7ifd0z11nprVxVpfBdQXyBnkfJ7nfwU5H-2R-GwDV0pr6WLNK6iZwncANYle9VaMtjcg7V7zkjmkPYOaOFNaP2N57ptnUFOhg0P7vvBpnvKL0u0Basq35Q8sb7DQylttNkev2p5UfeQNNFKJt_3R-WduDid_AwAA__8QxV8t	kijiji:1737619675	2026-08-01	rejected	Newsletter tracking link (kijiji-2); matches already-rejected Verdun 4 1/2 Metro LaSalle listing, H4G 3C5 wrong prefix
https://email.search.kijiji.ca/c/eJxEzkuOqzAQheHVmBnIrsIPBh5cCSHdVaBquxKcxgnCBrbfUidST8__DU70Chz30LBX1mk92EHKZvEqGkuRowVw6PovHLQzoGm4KYs3OzTJgwQjnVRKg5ayizRIdNoYCCGQNqKXhWkPS_edHumRukDN6pdatyLwn4BJwHRd118VMJ3tmfhqI1dKa-mWmleBE8X_UeCobK_QonVSgDlqnjPHdGSBI2dK62csr2MPLHAsdHJs3xc-LVDeKN2fAsd8n3_B_AYzrbzXZve01faiGhbeRS-pLPfj2YVXbk4PPwEAAP__BcNeHw	kijiji:1741373780	2026-08-01	rejected	Newsletter tracking link (kijiji-2); matches new candidate 1741373780, detail page confirms Verdun H4G 2P5 wrong postal prefix (also 650 sqft real size, under 900 sqft)
https://www.centris.ca/en/condos-apartments~for-rent~montreal-lasalle/12990304	centris:12990304	2026-08-01	rejected	370 Rue Trudeau, LaSalle geocoded to H8R 1Y7, wrong postal prefix
https://www.centris.ca/en/condos-apartments~for-rent~montreal-lasalle/24891749	centris:24891749	2026-08-01	accepted	1058 Rue Sylvestre, LaSalle geocoded to H8P 1B4 (exact address match); detail page confirms 1st floor of duplex, 3 bedrooms, fenced backyard, built 1966, no below-grade wording; new accepted row
https://www.centris.ca/en/condos-apartments~for-rent~montreal-verdun-ile-des-soeurs/13222026	centris:13222026	2026-08-01	rejected	3815 Rue Evelyn, Verdun geocoded to H4G 1R5, wrong postal prefix
https://www.centris.ca/en/condos-apartments~for-rent~montreal-verdun-ile-des-soeurs/12724651	centris:12724651	2026-08-01	rejected	4075 Rue Lanouette, Verdun geocoded to H4G 1A6, wrong postal prefix
https://www.kijiji.ca/v-apartments-condos/ville-de-montreal/4-1-2-upper-five-plex/1738328107	kijiji:1738328107	2026-08-01	rejected	Detail page confirms Lasalle, QC H8N, wrong postal prefix
https://www.kijiji.ca/v-apartments-condos/ville-de-montreal/beautiful-4-apartment-located-in-the-heart-of-lasalle/1728189756	kijiji:1728189756	2026-08-01	rejected	Detail page confirms 1732 Avenue Dollard, Montreal H8N 1T8, wrong postal prefix
https://www.kijiji.ca/v-apartments-condos/ville-de-montreal/condo-renove-a-louer-a-verdun/1741385921	kijiji:1741385921	2026-08-01	rejected	Card gives 1149 Woodland Ave, Montreal (no postal); street geocodes to H4E 2J6 and Kijiji's own About-area module identifies Cote-Saint-Paul, not Verdun despite ad text; treated as wrong postal prefix
https://www.kijiji.ca/v-apartments-condos/ville-de-montreal/4-1-2-with-yard-in-verdun/1741373780	kijiji:1741373780	2026-08-01	rejected	Detail page confirms Montreal, Verdun, QC H4G 2P5, wrong postal prefix; also 650 sqft real size, under 900 sqft
https://www.kijiji.ca/v-apartments-condos/ville-de-montreal/cession-de-bail-5-1-2-verdun/1741381929	kijiji:1741381929	2026-08-01	rejected	Detail page confirms Verdun, QC H4G 2W7, wrong postal prefix
https://www.kijiji.ca/v-apartments-condos/ville-de-montreal/clean-bright-4-apartment-for-rent-le-sud-ouest-1-250-month/1741399558	kijiji:1741399558	2026-08-01	rejected	Detail page confirms Montreal, QC H4E 4A2 and 750 sqft, wrong postal prefix and under 900 sqft
https://www.kijiji.ca/v-apartments-condos/ville-de-montreal/ph-2-3-elevator-2-bedroom-premium-apartment-for-rent/1733971138	kijiji:1733971138	2026-08-01	rejected	Card names Boulevard de l'Ile-des-Soeurs and L'Ile-des-Soeurs directly in title; Ile-des-Soeurs is H3E, wrong postal prefix; card-level reject, no detail fetch
https://www.kijiji.ca/v-apartments-condos/ville-de-montreal/verdun-appartement-idealement-situe-au-metro-de-l-egl/1741362418	kijiji:1741362418	2026-08-01	rejected	Detail page confirms Rue Galt, Montreal H4G 2P2, wrong postal prefix
https://www.padmapper.com/rentals/27416439p/2-bedroom-1-bath-apartment-at-1815-rue-denonville-montreal-qc-h4e-1m4	padmapper:27416439p	2026-08-01	rejected	1815 Rue Denonville, Montreal geocoded to H4E 3J1 (exact address match), wrong postal prefix
https://www.facebook.com/marketplace/item/1050015074262775/	facebook:1050015074262775	2026-08-01	accepted	Boulevard Champlain, LaSalle; detail page Rental Location field confirms H8P 2M3; 2BR, in-unit laundry, no below-grade wording; new accepted row
https://www.facebook.com/marketplace/item/1456847859800811/	facebook:1456847859800811	2026-08-01	unresolved	Newly renovated 2BR LaSalle apartment; Rental Location field only gives Montreal QC (approximate), no exact address disclosed, postal code cannot be established
https://www.facebook.com/marketplace/item/2034546200559498/	facebook:1531408412364224	2026-08-01	accepted	Duplicate cross-post of existing accepted Rue Moffat, Verdun H4H 1Y5 row (same address/description in Rental Location and description text)
https://www.facebook.com/marketplace/item/4557725507800267/	facebook:4557725507800267	2026-08-01	accepted	Duplicate cross-post of existing accepted Rue Brault, Verdun H4H 2B2 row (same H4H 2B2 postal, owner-occupied fourplex/quadruplex, 2BR+office, pool access description)
https://www.facebook.com/marketplace/item/906781635089342/	facebook:906781635089342	2026-08-01	accepted	Duplicate of existing accepted 5912 Rue de Verdun H4H 1M4 row (exact same item ID as existing docs entry)
https://w3dwmzr.r.ca-central-1.awstrack.me/L0/https:%2F%2Fduproprio.com%2Fen%2F1120383%3Futm_source=alerts%26utm_medium=email%26utm_campaign=qc-en-property%26utm_content=lien-propriete-1/1/010d019fb6c777b8-ce5f6bc7-c545-4b8a-96e6-0004261e64a7-000000/BzlRSrahcIbXYj9sJEWnJWFpm0E=258	duproprio:1120383	2026-08-01	rejected	Newsletter tracking link; same 300 Rue Rielle, Verdun listing already rejected (H4G 1M3, wrong postal prefix)
https://www.logisquebec.com/appartement-a-louer-lasalle-l355480	logisquebec:l355480	2026-08-01	rejected	Card states 1447 av. Dollard, Lasalle, QC H8N 1T6, wrong postal prefix; card-level reject
https://www.kijiji.ca/v-apartments-condos/ville-de-montreal/cessation-de-bail-jolie-5-1-2-pres-du-fleuve-st-laurent/1740946138	kijiji:1740946138	2026-08-02	rejected	Detail page confirms H8P 1N9 but 898 sqft, just under 900 sqft minimum
https://www.kijiji.ca/v-apartments-condos/ville-de-montreal/5-1-2-duplex-for-rent/1741408220	kijiji:1741408220	2026-08-02	rejected	Listing removed/no longer available when detail page was fetched
https://www.kijiji.ca/v-apartments-condos/ville-de-montreal/5-1-2-duplex-for-rent/1741409183	kijiji:1741409183	2026-08-02	rejected	Listing removed/no longer available when detail page was fetched
https://www.kijiji.ca/v-apartments-condos/ville-de-montreal/top-floor-4-5-with-all-appliances-near-canal-lachine/1741408727	kijiji:1741408727	2026-08-02	rejected	Detail page address 5585 Rue Hadley, Montreal H4E 3M8 wrong postal prefix, also 800 sqft
https://www.zumper.com/address/88-rue-charlotte-montreal-qc-h2x-4e2-can	zumper:/address/88-rue-charlotte-montreal-qc-h2x-4e2-can	2026-08-02	rejected	Card-level reject: postal prefix H2X in URL slug, wrong prefix
https://www.logisquebec.com/appartement-a-louer-lasalle-l355732	logisquebec:l355732	2026-08-02	rejected	Unit 601, 6760 Boulevard Newman, LaSalle - same building as already-known H8N 0H4 reject, card-level
https://www.logisquebec.com/appartement-a-louer-lasalle-l355733	logisquebec:l355733	2026-08-02	rejected	Unit 901, 6760 Boulevard Newman, LaSalle - same building as already-known H8N 0H4 reject, card-level
https://www.facebook.com/marketplace/item/1034268709181781/	facebook:1034268709181781	2026-08-02	rejected	Detail page confirms 800 square feet, under 900 sqft minimum
https://www.facebook.com/marketplace/item/4632825510323069/	facebook:4632825510323069	2026-08-02	rejected	Rue Osborne, Verdun; detail page confirms 800 pi2 / 800 square feet, under 900 sqft minimum
https://www.facebook.com/marketplace/item/3041667616190858/	facebook:3041667616190858	2026-08-02	accepted	8480 Rue Centrale, LaSalle H8P 1N1, 3BR, $1,800/mo, no below-grade wording
https://www.facebook.com/marketplace/item/3954174088211249/	facebook:3954174088211249	2026-08-02	unresolved	LaSalle 4 1/2 upper/2nd floor, 2BR; no postal code or exact address disclosed, only "Montreal, QC"
https://www.kijiji.ca/v-apartments-condos/ville-de-montreal/beautiful-4-1-2-located-in-the-heart-of-lasalle/1712959255	kijiji:1712959255	2026-08-03	rejected	Detail page confirms 1455 Giovanni Caboto, Montreal H8N 3C9, wrong postal prefix
https://www.kijiji.ca/v-apartments-condos/ville-de-montreal/superbe-appartement-4-1-2-situe-au-coeur-de-lasalle/1734068406	kijiji:1734068406	2026-08-03	rejected	Detail page confirms 1700 Boulevard Shevchenko H8N 1P4, wrong postal prefix
https://www.kijiji.ca/v-apartments-condos/ville-de-montreal/450m-to-metro-jolicoeur-3-bedroom-ground-floor-with-garden/1738868428	kijiji:1738868428	2026-08-03	accepted	Verdun H4H 1V9, ground floor duplex/triplex, 1100 sqft, in-unit laundry, yard, no below-grade wording; new accepted row
https://www.kijiji.ca/v-apartments-condos/ville-de-montreal/verdun-superbe-4-1er-etage-cour-pres-metro-commerces-etc/1741412375	kijiji:1741412375	2026-08-03	rejected	Card-level reject: 850 sqft on card
https://www.kijiji.ca/v-apartments-condos/ville-de-montreal/2-ch-1-sdb-montreal-1-950-mo/1741421664	kijiji:1741421664	2026-08-03	rejected	Card-level reject: 630 sqft on card
https://www.kijiji.ca/v-apartments-condos/ville-de-montreal/2-ch-1-sdb-montreal-1-950-mo/1741421665	kijiji:1741421665	2026-08-03	rejected	Card-level reject: 630 sqft on card, duplicate unit listing of ad 1741421664
https://www.kijiji.ca/v-apartments-condos/ville-de-montreal/spacieux-et-lumineux-3-cac-pres-de-tous-les-services/1741424834	kijiji:1741424834	2026-08-03	rejected	Card-level reject: description gives Montreal-Nord address 5270 Jules-Fournier H1G 2W7, wrong postal prefix
https://www.kijiji.ca/v-apartments-condos/ville-de-montreal/5-1-2-apartment-for-rent/1741431229	kijiji:1741431229	2026-08-03	rejected	Card-level reject: 520 sqft on card
https://www.kijiji.ca/v-apartments-condos/ville-de-montreal/4-1-2-in-lasalle-near-newman-shopping-mall/1741443373	kijiji:1741443373	2026-08-03	rejected	Card-level reject: 635 sqft on card
https://www.kijiji.ca/v-apartments-condos/ville-de-montreal/grand-4-verdun-a-louer-2-ch-fermees/1741470147	kijiji:1741470147	2026-08-03	rejected	Detail page confirms Verdun QC H4G, wrong postal prefix
https://www.kijiji.ca/v-apartments-condos/ville-de-montreal/5-1-2-duplex-for-rent/1741475694	kijiji:1741475694	2026-08-03	rejected	Detail page confirms Lasalle QC H8R 2K9, wrong postal prefix
https://www.kijiji.ca/v-apartments-condos/ville-de-montreal/lasalle-4-1-2-upper/1741478851	kijiji:1741478851	2026-08-03	rejected	Card-level reject: 800 sqft on card
https://www.kijiji.ca/v-apartments-condos/ville-de-montreal/large-4-1-2-lasalle/1741481055	kijiji:1741481055	2026-08-03	rejected	Detail page confirms Lasalle QC H8R, wrong postal prefix
https://www.kijiji.ca/v-apartments-condos/ville-de-montreal/5-1-2-3-bedrooms/1741481793	kijiji:1741481793	2026-08-03	accepted	Pointe McDonald, LaSalle H8P (prefix only), 1200 sqft, upstairs duplex, no below-grade wording; new accepted row
https://www.kijiji.ca/v-apartments-condos/ville-de-montreal/61-2-near-metro-monk-available-september-1st/1741488839	kijiji:1741488839	2026-08-03	rejected	Detail page confirms Montreal QC H4E 3J1, wrong postal prefix
https://www.kijiji.ca/v-apartments-condos/ville-de-montreal/renovated-2-bedrooms-with-appliances-near-canal-lachine/1741491504	kijiji:1741491504	2026-08-03	rejected	Card-level reject: 800 sqft on card
https://www.kijiji.ca/v-apartments-condos/ville-de-montreal/clean-bright-4-apartment-for-rent-le-sud-ouest-1-250-month/1741491706	kijiji:1741491706	2026-08-03	rejected	Card-level reject: 739 sqft on card
https://www.kijiji.ca/v-apartments-condos/ville-de-montreal/spacious-5-duplex-for-rent-backyard-garage-parking/1741491713	kijiji:1741491713	2026-08-03	rejected	Detail page confirms Lasalle QC H8N 1N5, wrong postal prefix
https://www.kijiji.ca/v-apartments-condos/ville-de-montreal/4-1-2-verdun-renove-electros-internet-et-ac-inclus/1741493106	kijiji:1741493106	2026-08-03	rejected	Card-level reject: 780 sqft on card
https://www.kijiji.ca/v-apartments-condos/ville-de-montreal/ville-lasalle-4-5-enhaut-tranquille-aug-ou-sept/1741495874	kijiji:1741495874	2026-08-03	rejected	Detail page confirms Lasalle QC H8N 1K4, wrong postal prefix
https://www.facebook.com/marketplace/item/1057181026960899/	facebook:1057181026960899	2026-08-03	accepted	636 41e Avenue, LaSalle H8P 3B2, upper triplex, no below-grade wording; new accepted row
https://www.facebook.com/marketplace/item/1069739495502836/	facebook:1069739495502836	2026-08-03	rejected	Description says "DEMI SOUS SOL - VILLE LASALLE", below-grade unit
https://www.facebook.com/marketplace/item/1767322004307105/	facebook:1767322004307105	2026-08-03	rejected	850 square feet per card/detail, under 900 sqft minimum (H8P 1L2 otherwise fine)
https://www.facebook.com/marketplace/item/2009060719815881/	facebook:2009060719815881	2026-08-03	accepted	1e Avenue, LaSalle H8P (prefix only), 2nd floor duplex, no below-grade wording; new accepted row
https://www.facebook.com/marketplace/item/2508162886299124/	facebook:2508162886299124	2026-08-03	accepted	1391 Rue Valiquette, Verdun H4H 2E8, 2nd floor, no below-grade wording; new accepted row
https://duproprio.com/en/1139164	duproprio:1139164	2026-08-04	accepted	1065 Rue Rolland, Verdun geocoded to H4H 1H6, exact house-number match; furnished 4 1/2, 2nd floor, no below-grade wording; new accepted row
https://duproprio.com/en/1139030	duproprio:1139030	2026-08-04	rejected	168, 2e Avenue, Verdun geocoded via detail page to H4G 2W3, wrong postal prefix
https://duproprio.com/en/969586	duproprio:969586	2026-08-04	rejected	A-5048 boulevard Champlain, Verdun; same address as existing rejected 5048 Boulevard Champlain (H4E 4J6, wrong postal prefix)
https://www.kijiji.ca/v-apartments-condos/ville-de-montreal/appartement-3-chambres-et-1-salle-de-bain-verdun/1738575908	kijiji:1738575908	2026-08-04	accepted	Rue Woodland, Verdun H4H 1V5 (Kijiji structured field), 976 sqft, in-unit laundry, no below-grade wording; new accepted row
https://www.kijiji.ca/v-apartments-condos/ville-de-montreal/magnifique-4-lumineux-avec-bureau/1741523482	kijiji:1741523482	2026-08-04	rejected	Card/detail confirm 850 sqft, under 900 sqft minimum (634 Rue Richard, H4H 2A6 otherwise fine)
https://www.kijiji.ca/v-apartments-condos/ville-de-montreal/4-1-2-2-bedrooms-apartments-for-rent-in-verdun/1741514208	kijiji:1741514208	2026-08-04	rejected	Card confirms 800 sqft, under 900 sqft minimum (Verdun, QC H4H 1V9 otherwise fine)
https://www.kijiji.ca/v-apartments-condos/ville-de-montreal/1-min-metro-jolicoeur-flexible-lease-renovated-2-big-bedrooms/1741538845	kijiji:1741538845	2026-08-04	rejected	Detail page gives 5048 Champlain Boulevard, Verdun; same address as existing rejected 5048 Boulevard Champlain (H4E 4J6, wrong postal prefix)
https://www.kijiji.ca/v-apartments-condos/ville-de-montreal/4-1-2-lasalle-short-term-disability/1741544576	kijiji:1741544576	2026-08-04	rejected	Card-level reject: 780 sqft on card
https://www.kijiji.ca/v-apartments-condos/ville-de-montreal/grand-4-1-2-style-condo-a-lasalle-entierement-renove/1741498088	kijiji:1741498088	2026-08-04	accepted	Pointe McDonald, LaSalle H8P 2E1, 950 sqft, dedicated laundry space, no below-grade wording; new accepted row
https://www.kijiji.ca/v-apartments-condos/ville-de-montreal/ville-lasalle-4-5-enhaut-tranquille-aug-ou-sept/1741536490	kijiji:1741536490	2026-08-04	rejected	Card-level reject: 875 sqft on card
https://www.kijiji.ca/v-apartments-condos/ville-de-montreal/4-1-2-verdun-a-pied-du-metro/1741504876	kijiji:1741504876	2026-08-04	rejected	Card-level reject: 800 sqft on card
https://www.kijiji.ca/v-apartments-condos/ville-de-montreal/renovated-4-5-near-canal-lachine-with-parking-and-all-appliances/1741542821	kijiji:1741542821	2026-08-04	rejected	Card-level reject: 800 sqft on card, Cote-Saint-Paul (outside search area)
https://clicks.zumper.com/f/a/T54qDrRve3HsJSBDVWy8Tw~~/AAPDZhA~/bpdiRtyBRRg8UHP2wtYJMZMxrVBeOn2BElW1UjJ98tnqp-uUYQmk3aQm-ySlkPNVuIuqsSqCUVt9qpCnJByf0mCI38Xxf2eqvp3KQLnb9bFnF5Ja8SLxLBAG1OUFWn7EAGrJZUlYMUTcMTtKsvYejLm65qOUJQMjxtZMxZ7LNMldSt7p7b1p_JjM33tzWptlXtw90EtD4jh0ErxSNdDjckA5ZV4CL0u2qOeaWe_4a0VX_JNpNgr-OSZO6K7Y2sxd0KUAFyuGb7S63qhXuEH8-YgZ0Hpi8Zh1kiEQN1v2_rhnTE-MLV0CLdTEtmpjbKM7yzQI6A9bXixL9cXEXLpfH5edW0aj6aDa-C9FAgf3R_ndtvfmaZ25ryjBL-84k9ndwSSIEDH2RjEEdPNKv-qdXrl994Vn2_keLE9jYyHmbL0~	zumper:p666477	2026-08-04	rejected	Newsletter tracking link; Unit 1208, Areve Appartements, matches existing rejected building at 6760 Boulevard Newman (H8N 0H4, wrong postal prefix)
https://clicks.zumper.com/f/a/crRrXZE-K_h5-5ZiSNGFdw~~/AAPDZhA~/_GbMbqQI2f0_0MXf5aLCix24U-QJ3qG30UjBu0j27a5LuHjReDEUg4VfMx3cmrGDO1grGRfmvtjp6s156MOHMwYPkMI8Dlxm4J-XwQwsu34BzECMTSMzePP9NW5b_a9nIu2l-9biN7xPncJEzgNvuvejSkb6FzIRTN2yF_ybWoOdotFtRTtEEyCK46DX40EkJ3WfgISYw-G9FKD3VlqRTbkOm3C-X2ag7Flkxp_r7HfEEVUQPKDbhsKyVQA7x3ZOugl25THl4gMi9kfLfA-afUFCq3qa-TtH97f6J2QkEVioP51XDDPT0ig8N2YvepaAQFCdE6CnDlu32eURuf2C1qaDRpdum1nviZ22ZX8Sg_9G-k27G0Vvowil52nD-YUlhk514GWTiKottSH7EbdQ6w~~	zumper:p462418	2026-08-04	rejected	Newsletter tracking link; 418 Claremont matches existing rejected building at 418 Ave Claremont, Westmount (H3Y 2N2, wrong postal prefix)
https://clicks.zumper.com/f/a/HVhSA5xxPhVspOH9nAn3aw~~/AAPDZhA~/KUHIgLzEo-NxfajzqX24mhNeCOkDowiPrxxXGbKJFGiqBzQpeptlnQKhcuROVOAgjc15W9iAVAM0uqITpjJYq5CphPcKNSAFASr7VzzWK_IRXZcMiBcqKNuxs3nA_AkfoEeXH_GKLNYShFOhv81QoxZeZcoTYtowbUySfxQqodZdRUc6vnc-QhcjKEF-LtmD0YEKMWLXfrhZxbXnBtNI_KtOzPb1tkti3Bh5QcjaQiarlGn78r7lM-PLKBF0aK0nkMj2a9k1Mhzj63Xm0lEuJ2yXHlDG1XwXpQTFqkpqhaHNPDpGrp6zJdKjsbMgqXjAhi65ov7V0fLe9wNYajLb-dPESPr66JLxKXJzIkCH0qjaX1tjRHdurjXwOtCCCavIAC8Z2cw9pUIFo4Ui09maVYxoPmgo5APkT4of54Tb178~	zumper:p543923	2026-08-04	rejected	Newsletter tracking link; Chateau Maisonneuve matches existing rejected building at 4998 Boul de Maisonneuve O, Westmount (H3Z 1N2, wrong postal prefix)
https://clicks.zumper.com/f/a/Eny30qieBBiUtb2XDdCClg~~/AAPDZhA~/69FwtIvrsESxbb1UNvKbzId31zyQvuifnz2io-S8YmLG4j46QhV7MO9ew-fc_oTJnIbvNE_DnIMWwMp77hUmJBXiH-KPamX0dmNflOfUbIdU-Zr0IWq_7HC_kPBhs4tv11J9UXmEdjMQMkSCwxGO7yWzOvqJapTEyzgliLwByZo9zaT6F5pHQOiBErZopAnVsT1fXXrnM-YgDxr3X73xMpSw1DNHmSnMoFrJC5jBS1d8FZokQe4J73AEuSxFPR1D9A95AeRQ_ToMLeFIIGJCbsxzWvjcQ1V8MtblSaAQ_16VVicp8lmV4gm0Z-BJ2ouO_tV3IfxiFkq4Rq93OfoxqFDOwqgK2O7mnnNBGw3xkLduFQts1Grig8iyPTYBB0BPJNmicPWqfJ5qY6nMNi116wKSSXvSsueL_vo6flQY0tA~	zumper:p572401	2026-08-04	rejected	Newsletter tracking link; La Verdunoise matches existing rejected building at 4055 Rue Lanouette, Verdun (H4G 1B5, wrong postal prefix)
https://clicks.zumper.com/f/a/UI255yBNrB4pd1cVkSRdXQ~~/AAPDZhA~/DloIMN1LFwuezaCemo3WnA6YwsEefbiT8o4WzSdykCByvMuy4Wf86bduBY5W3lnI-hJq-0hy5INU04rs9z2DtnuRvUisjgxuEK9Bh6eL8uW1-y-7jZaT3XTgKcS2uQTOpVCYMubmOQhH-9kh2B9sJyIpMg7N0dk9ml18TyedFF1RuqP89JUMCeawCeGqsSq3Iv4qrH7xQLa2lEEf1dcQqNlLGvGXfcf4EgycdQc2YVoFz1Z5kUWlc5ZudSIhlQVnKykNEofqdGoUscxkFIj2df5ajBYnfT7k3hDpJYBtmntYCniWc0MBKM_2G6ECGsiY0pA6Kz5kf5WN2Y2cyETXuMwwUmU09IvVvLqCUMMZYFyee4hQXgtTcr1Jv6isnDd0FiJj1rzJ0NQ2gO8hs2bDKg~~	zumper:/address/2636-rue-de-chateauguay-montreal-quebec-h3k-1l4-can	2026-08-04	rejected	Newsletter tracking link; 2636 Rue de Chateauguay matches existing rejected address (H3K 1L4, wrong postal prefix)
https://clicks.zumper.com/f/a/IZmN6PQ4vv0cotmSeOmSNQ~~/AAPDZhA~/ICDPS2UUBDenJO_GhkYgCgfzbvKHsvqjCH7cJLNmnf_SoXAJH1affnpUu6gEiD7W2T7i6koTH0dx_HPPi5edXA5IbcOkoAqIV5ojHdQggXn03xsluCybRreTeD_2gSGFVVFm87HY-lAs5714Dd-wCd-v0fDXNTCsZ3TXVThm2Gc3VOLxgJzchRJk0qo4OuLKicR1_cfuwR-eHX5qlxqooEZiUjGOV9FhEuZoI7d4qdFinWsZif6zvuSle8uKkJ-sZqzpJXIs3A7AFfm7m9y2N0JTRR5vnboR1y19XbI5oTkcn2H-CangiRbmdIvVKDw-g80Y29b1T3Is9qEVV9k_S_JEAKfsuaIIoQIf2dSaviJrRcnv-WdHSxw7OMTOhAGFDvhn7M2hXiVFDfERR7W1ug~~	zumper:/address/1743-rue-leprohon-montreal-qc-h4e-1p3-can	2026-08-04	rejected	Newsletter tracking link; 1743 Rue Leprohon matches existing rejected address (H4E 1P3, wrong postal prefix)
https://www.centris.ca/en/condos-apartments~for-rent~montreal-verdun-ile-des-soeurs/14336463	centris:14336463	2026-08-04	accepted	443-447 Rue Osborne apt. 445, Verdun geocoded to H4H 1X7, exact house-number match; 1,000 sqft gross area, in-unit laundry, no below-grade wording; new accepted row
https://www.centris.ca/en/condos-apartments~for-rent~montreal-verdun-ile-des-soeurs/14506755	centris:14506755	2026-08-04	rejected	Detail page confirms 750 sqft, under 900 sqft minimum (3716 Rue Joseph, Verdun)
https://www.apartments.com/4640-4650-rue-wellington-montreal-qc/rzvx1l1/	apartments:rzvx1l1	2026-08-04	rejected	Card-level reject: H4G 1W9 on card, wrong postal prefix
https://www.apartments.com/800-83e-3e-avenue-verdun-ile-des-soeurs-qc/9647nz5/	apartments:9647nz5	2026-08-04	rejected	Card-level reject: H4G 2X6 on card, wrong postal prefix
https://www.padmapper.com/rentals/20163642p/2-bedroom-1-bath-apartment-at-2636-rue-de-chateauguay-montreal-quebec-h3k-1l4	padmapper:20163642p	2026-08-04	rejected	Card confirms H3K 1L4, same address as existing rejected 2636 Rue de Chateauguay, wrong postal prefix
https://www.facebook.com/marketplace/item/1325477403075776/	facebook:1325477403075776	2026-08-04	unresolved	LaSalle waterfront cul-de-sac, $1,450/mo, 4 1/2, no exact address or postal code disclosed (Rental Location shows only Montreal, QC, approximate)
https://www.facebook.com/marketplace/item/1555055732791721/	facebook:1555055732791721	2026-08-04	rejected	Detail page Rental Location confirms H8N 2P6, wrong postal prefix
https://www.facebook.com/marketplace/item/1680730679804579/	facebook:1680730679804579	2026-08-04	rejected	Detail page Rental Location confirms H8N 2G3, wrong postal prefix
https://www.facebook.com/marketplace/item/1956136711761526/	facebook:1956136711761526	2026-08-04	unresolved	Near metro Verdun, $1,480/mo, 5 1/2, 2nd floor, in-unit laundry, no exact address or postal code disclosed (Rental Location shows only Montreal, QC, approximate)
https://email.search.kijiji.ca/c/eJxEzsGKrDAQheGniTslqUrUXmRxQYT7FFKp1LTpMd2iUV9_YLphtuf_Fid6A71YqMSbrnc3i9BhNXtj2q8u3qIOVge2NnTcGkaxiLpzFKvkQUOre-2MA2OwCRKCQ8fI3EIfjLJ6F9p4br7TIz1Sw1Qtfi5l3RX-UzAqGK_r-qsKxrM-k1x1lEJp2Zu55EXhSPF_VDiYzhrXuhv2Ctqj5ClLTEdWOEimtHzG_XVsLAqHnU6J9fvCpzHlldL9qXDI9-kXTG8w0SJbqTZPa6kvKjzLpqymfb4fz4ZfuTo9_AQAAP__vAZe5g	kijiji:1741565938	2026-08-05	rejected	Newsletter tracking link (kijiji-1); detail page confirms Montreal QC H8N 0H3, wrong postal prefix
https://email.search.kijiji.ca/c/eJxEzsGOgyAQxvGnwZsGZoTigcMmxmSfwgwwqXSlNYL6-ptsm-z1-_8OX3QKLPfQsFM3q4ce4YbN4pTUylgrUQcgMN7z0EeNHhl1xME2yYEEI63USoNS2Hn2XqMOGIIB65XoZWHaw9L9pEd6pC5Qs7ql1q0I_BIwCZiu6_qvAqazPRNfbeRKaS3dUvMqcKL4HQWO6tYrbQwOSoA5ap4zx3RkgSNnSutnLK9jDyxwLHRybN8XPi1Q3ijdnwLHfJ__wPwGM62812Z3tNX2ohoW3kUvqSz349mFV25OB78BAAD__y5TXl0	kijiji:1741566391	2026-08-05	rejected	Newsletter tracking link (kijiji-1); detail page confirms 1011 boulevard Shevchenko, LaSalle, H8N 0H2, same building as existing rejected MTL-Vida (H8N 0H2), wrong postal prefix
https://www.centris.ca/en/condos-apartments~for-rent~montreal-lasalle/9427172	centris:9427172	2026-08-05	rejected	Detail page confirms 9717 Rue Jeannette, LaSalle, H8R 1S6, wrong postal prefix
https://www.centris.ca/en/condos-apartments~for-rent~montreal-verdun-ile-des-soeurs/21748419	centris:21748419	2026-08-05	accepted	5360 Rue de Verdun, Verdun; postal resolved from address via Nominatim (exact house-number match) to H4H 1K7; new accepted row
https://www.kijiji.ca/v-apartments-condos/ville-de-montreal/6-1-2-renove-avec-stationnement-verdun-disponible-maintenant/1741377581	kijiji:1741377581	2026-08-05	rejected	Card-level reject: 753 sqft on card, under 900 sqft minimum
https://www.kijiji.ca/v-apartments-condos/ville-de-montreal/lasalle-grand-4-disponible-pour-aout-ou-septembre/1741579450	kijiji:1741579450	2026-08-05	rejected	Card-level reject: 650 sqft on card, under 900 sqft minimum
https://www.kijiji.ca/v-apartments-condos/ville-de-montreal/4-1-2-a-louer-a-montreal-sur-la-rue-jacques-hertel/1741579864	kijiji:1741579864	2026-08-05	rejected	Detail page confirms 2743 Rue Jacques-Hertel, Montreal, H4E 1S6, wrong postal prefix; also 650 sqft under minimum
https://www.kijiji.ca/v-apartments-condos/ville-de-montreal/clean-bright-4-apartment-for-rent-le-sud-ouest-1-250-month/1741582892	kijiji:1741582892	2026-08-05	rejected	Card-level reject: 850 sqft on card, Le Sud-Ouest, under 900 sqft minimum
https://www.kijiji.ca/v-apartments-condos/ville-de-montreal/wow-condo-renove-2-cac-et-2-balcons/1741588199	kijiji:1741588199	2026-08-05	rejected	Detail page confirms Montreal QC H4E 1P3, wrong postal prefix
https://www.kijiji.ca/v-apartments-condos/ville-de-montreal/ville-lasalle-4-5-enhaut-tranquille-aug-ou-sept/1741589946	kijiji:1741589946	2026-08-05	rejected	Detail page confirms Lasalle, QC H8N 1K4, matches recurring "Ville LaSalle 4 1/2 en haut" listing, wrong postal prefix
https://www.padmapper.com/rentals/29212371p/2-bedroom-1-bath-apartment-at-748-rue-galt-montreal-qc-h4g-2p7	padmapper:29212371p	2026-08-05	rejected	Card/URL confirms 748 Rue Galt, H4G 2P7, wrong postal prefix
https://www.logisquebec.com/appartement-a-louer-lasalle-l356036	logisquebec:l356036	2026-08-05	rejected	Vida - Condos locatifs modernes 4 1/2, 1011 boulevard Shevchenko, LaSalle; same building as existing rejected MTL-Vida (H8N 0H2), wrong postal prefix
https://www.facebook.com/marketplace/item/1016013141034260/	facebook:1016013141034260	2026-08-05	unresolved	Verdun, rue Manning, $1,545/mo, 5 1/2 (2BR), no house number or postal code disclosed, cannot geocode without exact address
https://www.facebook.com/marketplace/item/1380238197391167/	facebook:1380238197391167	2026-08-05	rejected	8530 Jean Brillon, LaSalle; detail page confirms H8N 2G3, wrong postal prefix
https://www.facebook.com/marketplace/item/1393163322696668/	facebook:1393163322696668	2026-08-05	accepted	Detail page confirms H8P 2H4, ground floor of detached duplex near metro Jolicoeur, 906 sqft, in-unit laundry, no below-grade wording; new accepted row
https://www.facebook.com/marketplace/item/2239823230169477/	facebook:2239823230169477	2026-08-05	accepted	Detail page confirms H4H 2C6, top floor, ~1200 sqft, no below-grade wording; new accepted row
https://www.facebook.com/marketplace/item/28053341924300387/	facebook:28053341924300387	2026-08-05	rejected	8490 Jean Brillon, LaSalle; detail page confirms H8N 2P7, wrong postal prefix
https://www.facebook.com/marketplace/item/929629593502705/	facebook:929629593502705	2026-08-05	rejected	Duplicate of 8530 Jean Brillon, LaSalle (H8N 2G3), same address as item 1380238197391167, wrong postal prefix
